[ {
  "match_id" : 3942819,
  "match_date" : "2024-07-10",
  "kick_off" : "22:00:00.000",
  "competition" : {
    "competition_id" : 55,
    "country_name" : "Europe",
    "competition_name" : "UEFA Euro"
  },
  "season" : {
    "season_id" : 282,
    "season_name" : "2024"
  },
  "home_team" : {
    "home_team_id" : 941,
    "home_team_name" : "Netherlands",
    "home_team_gender" : "male",
    "home_team_group" : null,
    "country" : {
      "id" : 160,
      "name" : "Netherlands"
    },
    "managers" : [ {
      "id" : 676,
      "name" : "Ronald Koeman",
      "nickname" : null,
      "dob" : "1963-03-21",
      "country" : {
        "id" : 160,
        "name" : "Netherlands"
      }
    } ]
  },
  "away_team" : {
    "away_team_id" : 768,
    "away_team_name" : "England",
    "away_team_gender" : "male",
    "away_team_group" : null,
    "country" : {
      "id" : 68,
      "name" : "England"
    },
    "managers" : [ {
      "id" : 277,
      "name" : "Gareth Southgate",
      "nickname" : null,
      "dob" : "1970-09-03",
      "country" : {
        "id" : 68,
        "name" : "England"
      }
    } ]
  },
  "home_score" : 1,
  "away_score" : 2,
  "match_status" : "available",
  "match_status_360" : "available",
  "last_updated" : "2024-07-15T07:54:23.583297",
  "last_updated_360" : "2024-07-15T07:57:36.684453",
  "metadata" : {
    "data_version" : "1.1.0",
    "shot_fidelity_version" : "2",
    "xy_fidelity_version" : "2"
  },
  "match_week" : 6,
  "competition_stage" : {
    "id" : 15,
    "name" : "Semi-finals"
  },
  "stadium" : {
    "id" : 373,
    "name" : "Signal-Iduna-Park",
    "country" : {
      "id" : 85,
      "name" : "Germany"
    }
  },
  "referee" : {
    "id" : 241,
    "name" : "Felix Zwayer",
    "country" : {
      "id" : 85,
      "name" : "Germany"
    }
  }
}, {
  "match_id" : 3943043,
  "match_date" : "2024-07-14",
  "kick_off" : "22:00:00.000",
  "competition" : {
    "competition_id" : 55,
    "country_name" : "Europe",
    "competition_name" : "UEFA Euro"
  },
  "season" : {
    "season_id" : 282,
    "season_name" : "2024"
  },
  "home_team" : {
    "home_team_id" : 772,
    "home_team_name" : "Spain",
    "home_team_gender" : "male",
    "home_team_group" : null,
    "country" : {
      "id" : 214,
      "name" : "Spain"
    },
    "managers" : [ {
      "id" : 5588,
      "name" : "Luis de la Fuente Castillo",
      "nickname" : "Luis de la Fuente",
      "dob" : "1961-06-21",
      "country" : {
        "id" : 214,
        "name" : "Spain"
      }
    } ]
  },
  "away_team" : {
    "away_team_id" : 768,
    "away_team_name" : "England",
    "away_team_gender" : "male",
    "away_team_group" : null,
    "country" : {
      "id" : 68,
      "name" : "England"
    },
    "managers" : [ {
      "id" : 277,
      "name" : "Gareth Southgate",
      "nickname" : null,
      "dob" : "1970-09-03",
      "country" : {
        "id" : 68,
        "name" : "England"
      }
    } ]
  },
  "home_score" : 2,
  "away_score" : 1,
  "match_status" : "available",
  "match_status_360" : "available",
  "last_updated" : "2024-07-15T15:48:50.315500",
  "last_updated_360" : "2024-07-15T15:52:24.778809",
  "metadata" : {
    "data_version" : "1.1.0",
    "shot_fidelity_version" : "2",
    "xy_fidelity_version" : "2"
  },
  "match_week" : 7,
  "competition_stage" : {
    "id" : 26,
    "name" : "Final"
  },
  "stadium" : {
    "id" : 367,
    "name" : "Olympiastadion Berlin",
    "country" : {
      "id" : 85,
      "name" : "Germany"
    }
  },
  "referee" : {
    "id" : 79,
    "name" : "François Letexier",
    "country" : {
      "id" : 78,
      "name" : "France"
    }
  }
}, {
  "match_id" : 3942752,
  "match_date" : "2024-07-09",
  "kick_off" : "22:00:00.000",
  "competition" : {
    "competition_id" : 55,
    "country_name" : "Europe",
    "competition_name" : "UEFA Euro"
  },
  "season" : {
    "season_id" : 282,
    "season_name" : "2024"
  },
  "home_team" : {
    "home_team_id" : 772,
    "home_team_name" : "Spain",
    "home_team_gender" : "male",
    "home_team_group" : null,
    "country" : {
      "id" : 214,
      "name" : "Spain"
    },
    "managers" : [ {
      "id" : 5588,
      "name" : "Luis de la Fuente Castillo",
      "nickname" : "Luis de la Fuente",
      "dob" : "1961-06-21",
      "country" : {
        "id" : 214,
        "name" : "Spain"
      }
    } ]
  },
  "away_team" : {
    "away_team_id" : 771,
    "away_team_name" : "France",
    "away_team_gender" : "male",
    "away_team_group" : null,
    "country" : {
      "id" : 78,
      "name" : "France"
    },
    "managers" : [ {
      "id" : 545,
      "name" : "Didier Deschamps",
      "nickname" : null,
      "dob" : "1968-10-15",
      "country" : {
        "id" : 78,
        "name" : "France"
      }
    } ]
  },
  "home_score" : 2,
  "away_score" : 1,
  "match_status" : "available",
  "match_status_360" : "available",
  "last_updated" : "2024-07-10T08:51:07.032303",
  "last_updated_360" : "2024-07-10T13:01:26.597509",
  "metadata" : {
    "data_version" : "1.1.0",
    "shot_fidelity_version" : "2",
    "xy_fidelity_version" : "2"
  },
  "match_week" : 6,
  "competition_stage" : {
    "id" : 15,
    "name" : "Semi-finals"
  },
  "stadium" : {
    "id" : 4867,
    "name" : "Allianz Arena",
    "country" : {
      "id" : 85,
      "name" : "Germany"
    }
  },
  "referee" : {
    "id" : 943,
    "name" : "Slavko Vinčić",
    "country" : {
      "id" : 208,
      "name" : "Slovenia"
    }
  }
}, {
  "match_id" : 3942382,
  "match_date" : "2024-07-06",
  "kick_off" : "22:00:00.000",
  "competition" : {
    "competition_id" : 55,
    "country_name" : "Europe",
    "competition_name" : "UEFA Euro"
  },
  "season" : {
    "season_id" : 282,
    "season_name" : "2024"
  },
  "home_team" : {
    "home_team_id" : 941,
    "home_team_name" : "Netherlands",
    "home_team_gender" : "male",
    "home_team_group" : null,
    "country" : {
      "id" : 160,
      "name" : "Netherlands"
    },
    "managers" : [ {
      "id" : 676,
      "name" : "Ronald Koeman",
      "nickname" : null,
      "dob" : "1963-03-21",
      "country" : {
        "id" : 160,
        "name" : "Netherlands"
      }
    } ]
  },
  "away_team" : {
    "away_team_id" : 909,
    "away_team_name" : "Turkey",
    "away_team_gender" : "male",
    "away_team_group" : null,
    "country" : {
      "id" : 233,
      "name" : "Turkey"
    },
    "managers" : [ {
      "id" : 232,
      "name" : "Vincenzo Montella",
      "nickname" : null,
      "dob" : "1974-06-18",
      "country" : {
        "id" : 112,
        "name" : "Italy"
      }
    } ]
  },
  "home_score" : 2,
  "away_score" : 1,
  "match_status" : "available",
  "match_status_360" : "available",
  "last_updated" : "2024-07-10T06:50:04.068615",
  "last_updated_360" : "2024-07-10T06:56:35.146850",
  "metadata" : {
    "data_version" : "1.1.0",
    "shot_fidelity_version" : "2",
    "xy_fidelity_version" : "2"
  },
  "match_week" : 5,
  "competition_stage" : {
    "id" : 11,
    "name" : "Quarter-finals"
  },
  "stadium" : {
    "id" : 367,
    "name" : "Olympiastadion Berlin",
    "country" : {
      "id" : 85,
      "name" : "Germany"
    }
  },
  "referee" : {
    "id" : 76,
    "name" : "Clément Turpin",
    "country" : {
      "id" : 78,
      "name" : "France"
    }
  }
}, {
  "match_id" : 3942349,
  "match_date" : "2024-07-05",
  "kick_off" : "22:00:00.000",
  "competition" : {
    "competition_id" : 55,
    "country_name" : "Europe",
    "competition_name" : "UEFA Euro"
  },
  "season" : {
    "season_id" : 282,
    "season_name" : "2024"
  },
  "home_team" : {
    "home_team_id" : 780,
    "home_team_name" : "Portugal",
    "home_team_gender" : "male",
    "home_team_group" : null,
    "country" : {
      "id" : 183,
      "name" : "Portugal"
    },
    "managers" : [ {
      "id" : 263,
      "name" : "Roberto Martínez Montoliú",
      "nickname" : "Roberto Martínez",
      "dob" : "1973-07-13",
      "country" : {
        "id" : 214,
        "name" : "Spain"
      }
    } ]
  },
  "away_team" : {
    "away_team_id" : 771,
    "away_team_name" : "France",
    "away_team_gender" : "male",
    "away_team_group" : null,
    "country" : {
      "id" : 78,
      "name" : "France"
    },
    "managers" : [ {
      "id" : 545,
      "name" : "Didier Deschamps",
      "nickname" : null,
      "dob" : "1968-10-15",
      "country" : {
        "id" : 78,
        "name" : "France"
      }
    } ]
  },
  "home_score" : 0,
  "away_score" : 0,
  "match_status" : "available",
  "match_status_360" : "available",
  "last_updated" : "2024-07-12T01:57:15.210934",
  "last_updated_360" : "2024-07-12T02:00:16.871522",
  "metadata" : {
    "data_version" : "1.1.0",
    "shot_fidelity_version" : "2",
    "xy_fidelity_version" : "2"
  },
  "match_week" : 5,
  "competition_stage" : {
    "id" : 11,
    "name" : "Quarter-finals"
  },
  "stadium" : {
    "id" : 379,
    "name" : "Volksparkstadion",
    "country" : {
      "id" : 85,
      "name" : "Germany"
    }
  },
  "referee" : {
    "id" : 1,
    "name" : "Michael Oliver",
    "country" : {
      "id" : 68,
      "name" : "England"
    }
  }
}, {
  "match_id" : 3930180,
  "match_date" : "2024-06-25",
  "kick_off" : "19:00:00.000",
  "competition" : {
    "competition_id" : 55,
    "country_name" : "Europe",
    "competition_name" : "UEFA Euro"
  },
  "season" : {
    "season_id" : 282,
    "season_name" : "2024"
  },
  "home_team" : {
    "home_team_id" : 941,
    "home_team_name" : "Netherlands",
    "home_team_gender" : "male",
    "home_team_group" : null,
    "country" : {
      "id" : 160,
      "name" : "Netherlands"
    },
    "managers" : [ {
      "id" : 676,
      "name" : "Ronald Koeman",
      "nickname" : null,
      "dob" : "1963-03-21",
      "country" : {
        "id" : 160,
        "name" : "Netherlands"
      }
    } ]
  },
  "away_team" : {
    "away_team_id" : 915,
    "away_team_name" : "Austria",
    "away_team_gender" : "male",
    "away_team_group" : null,
    "country" : {
      "id" : 15,
      "name" : "Austria"
    },
    "managers" : [ {
      "id" : 380,
      "name" : "Ralf Rangnick",
      "nickname" : null,
      "dob" : "1958-06-29",
      "country" : {
        "id" : 85,
        "name" : "Germany"
      }
    } ]
  },
  "home_score" : 2,
  "away_score" : 3,
  "match_status" : "available",
  "match_status_360" : "available",
  "last_updated" : "2024-07-11T13:24:55.422159",
  "last_updated_360" : "2024-07-11T13:25:37.289456",
  "metadata" : {
    "data_version" : "1.1.0",
    "shot_fidelity_version" : "2",
    "xy_fidelity_version" : "2"
  },
  "match_week" : 3,
  "competition_stage" : {
    "id" : 10,
    "name" : "Group Stage"
  },
  "stadium" : {
    "id" : 367,
    "name" : "Olympiastadion Berlin",
    "country" : {
      "id" : 85,
      "name" : "Germany"
    }
  },
  "referee" : {
    "id" : 941,
    "name" : "Ivan Kružliak",
    "country" : {
      "id" : 207,
      "name" : "Slovakia"
    }
  }
}, {
  "match_id" : 3930171,
  "match_date" : "2024-06-20",
  "kick_off" : "19:00:00.000",
  "competition" : {
    "competition_id" : 55,
    "country_name" : "Europe",
    "competition_name" : "UEFA Euro"
  },
  "season" : {
    "season_id" : 282,
    "season_name" : "2024"
  },
  "home_team" : {
    "home_team_id" : 776,
    "home_team_name" : "Denmark",
    "home_team_gender" : "male",
    "home_team_group" : null,
    "country" : {
      "id" : 61,
      "name" : "Denmark"
    },
    "managers" : [ {
      "id" : 255,
      "name" : "Kasper Hjulmand",
      "nickname" : null,
      "dob" : "1972-04-09",
      "country" : {
        "id" : 61,
        "name" : "Denmark"
      }
    } ]
  },
  "away_team" : {
    "away_team_id" : 768,
    "away_team_name" : "England",
    "away_team_gender" : "male",
    "away_team_group" : null,
    "country" : {
      "id" : 68,
      "name" : "England"
    },
    "managers" : [ {
      "id" : 277,
      "name" : "Gareth Southgate",
      "nickname" : null,
      "dob" : "1970-09-03",
      "country" : {
        "id" : 68,
        "name" : "England"
      }
    } ]
  },
  "home_score" : 1,
  "away_score" : 1,
  "match_status" : "available",
  "match_status_360" : "available",
  "last_updated" : "2024-07-12T05:16:00.445930",
  "last_updated_360" : "2024-07-12T05:19:44.572914",
  "metadata" : {
    "data_version" : "1.1.0",
    "shot_fidelity_version" : "2",
    "xy_fidelity_version" : "2"
  },
  "match_week" : 2,
  "competition_stage" : {
    "id" : 10,
    "name" : "Group Stage"
  },
  "stadium" : {
    "id" : 116458,
    "name" : "Deutsche Bank Park",
    "country" : {
      "id" : 85,
      "name" : "Germany"
    }
  },
  "referee" : {
    "id" : 2445,
    "name" : "Artur Manuel Ribeiro Soares Dias",
    "country" : {
      "id" : 183,
      "name" : "Portugal"
    }
  }
}, {
  "match_id" : 3942227,
  "match_date" : "2024-07-06",
  "kick_off" : "19:00:00.000",
  "competition" : {
    "competition_id" : 55,
    "country_name" : "Europe",
    "competition_name" : "UEFA Euro"
  },
  "season" : {
    "season_id" : 282,
    "season_name" : "2024"
  },
  "home_team" : {
    "home_team_id" : 768,
    "home_team_name" : "England",
    "home_team_gender" : "male",
    "home_team_group" : null,
    "country" : {
      "id" : 68,
      "name" : "England"
    },
    "managers" : [ {
      "id" : 277,
      "name" : "Gareth Southgate",
      "nickname" : null,
      "dob" : "1970-09-03",
      "country" : {
        "id" : 68,
        "name" : "England"
      }
    } ]
  },
  "away_team" : {
    "away_team_id" : 773,
    "away_team_name" : "Switzerland",
    "away_team_gender" : "male",
    "away_team_group" : null,
    "country" : {
      "id" : 221,
      "name" : "Switzerland"
    },
    "managers" : [ {
      "id" : 2832,
      "name" : "Murat Yakin",
      "nickname" : null,
      "dob" : "1974-09-15",
      "country" : {
        "id" : 221,
        "name" : "Switzerland"
      }
    } ]
  },
  "home_score" : 1,
  "away_score" : 1,
  "match_status" : "available",
  "match_status_360" : "available",
  "last_updated" : "2024-07-14T15:55:52.682165",
  "last_updated_360" : "2024-07-14T15:57:51.414762",
  "metadata" : {
    "data_version" : "1.1.0",
    "shot_fidelity_version" : "2",
    "xy_fidelity_version" : "2"
  },
  "match_week" : 5,
  "competition_stage" : {
    "id" : 11,
    "name" : "Quarter-finals"
  },
  "stadium" : {
    "id" : 4866,
    "name" : "Merkur Spiel-Arena",
    "country" : {
      "id" : 85,
      "name" : "Germany"
    }
  },
  "referee" : {
    "id" : 269,
    "name" : "Daniele Orsato",
    "country" : {
      "id" : 112,
      "name" : "Italy"
    }
  }
}, {
  "match_id" : 3942226,
  "match_date" : "2024-07-05",
  "kick_off" : "19:00:00.000",
  "competition" : {
    "competition_id" : 55,
    "country_name" : "Europe",
    "competition_name" : "UEFA Euro"
  },
  "season" : {
    "season_id" : 282,
    "season_name" : "2024"
  },
  "home_team" : {
    "home_team_id" : 772,
    "home_team_name" : "Spain",
    "home_team_gender" : "male",
    "home_team_group" : null,
    "country" : {
      "id" : 214,
      "name" : "Spain"
    },
    "managers" : [ {
      "id" : 5588,
      "name" : "Luis de la Fuente Castillo",
      "nickname" : "Luis de la Fuente",
      "dob" : "1961-06-21",
      "country" : {
        "id" : 214,
        "name" : "Spain"
      }
    } ]
  },
  "away_team" : {
    "away_team_id" : 770,
    "away_team_name" : "Germany",
    "away_team_gender" : "male",
    "away_team_group" : null,
    "country" : {
      "id" : 85,
      "name" : "Germany"
    },
    "managers" : [ {
      "id" : 445,
      "name" : "Julian Nagelsmann",
      "nickname" : null,
      "dob" : "1987-07-23",
      "country" : {
        "id" : 85,
        "name" : "Germany"
      }
    } ]
  },
  "home_score" : 2,
  "away_score" : 1,
  "match_status" : "available",
  "match_status_360" : "available",
  "last_updated" : "2024-07-13T03:52:05.176875",
  "last_updated_360" : "2024-07-13T03:52:43.383929",
  "metadata" : {
    "data_version" : "1.1.0",
    "shot_fidelity_version" : "2",
    "xy_fidelity_version" : "2"
  },
  "match_week" : 5,
  "competition_stage" : {
    "id" : 11,
    "name" : "Quarter-finals"
  },
  "stadium" : {
    "id" : 369,
    "name" : "MHPArena",
    "country" : {
      "id" : 85,
      "name" : "Germany"
    }
  },
  "referee" : {
    "id" : 8,
    "name" : "Anthony Taylor",
    "country" : {
      "id" : 68,
      "name" : "England"
    }
  }
}, {
  "match_id" : 3938645,
  "match_date" : "2024-06-26",
  "kick_off" : "19:00:00.000",
  "competition" : {
    "competition_id" : 55,
    "country_name" : "Europe",
    "competition_name" : "UEFA Euro"
  },
  "season" : {
    "season_id" : 282,
    "season_name" : "2024"
  },
  "home_team" : {
    "home_team_id" : 911,
    "home_team_name" : "Ukraine",
    "home_team_gender" : "male",
    "home_team_group" : null,
    "country" : {
      "id" : 238,
      "name" : "Ukraine"
    },
    "managers" : [ {
      "id" : 2672,
      "name" : "Sergiy Rebrov",
      "nickname" : null,
      "dob" : "1974-06-03",
      "country" : {
        "id" : 238,
        "name" : "Ukraine"
      }
    } ]
  },
  "away_team" : {
    "away_team_id" : 782,
    "away_team_name" : "Belgium",
    "away_team_gender" : "male",
    "away_team_group" : null,
    "country" : {
      "id" : 22,
      "name" : "Belgium"
    },
    "managers" : [ {
      "id" : 48,
      "name" : "Domenico Tedesco",
      "nickname" : null,
      "dob" : "1985-09-12",
      "country" : {
        "id" : 85,
        "name" : "Germany"
      }
    } ]
  },
  "home_score" : 0,
  "away_score" : 0,
  "match_status" : "available",
  "match_status_360" : "available",
  "last_updated" : "2024-07-11T16:13:10.603169",
  "last_updated_360" : "2024-07-11T16:17:18.090189",
  "metadata" : {
    "data_version" : "1.1.0",
    "shot_fidelity_version" : "2",
    "xy_fidelity_version" : "2"
  },
  "match_week" : 3,
  "competition_stage" : {
    "id" : 10,
    "name" : "Group Stage"
  },
  "stadium" : {
    "id" : 369,
    "name" : "MHPArena",
    "country" : {
      "id" : 85,
      "name" : "Germany"
    }
  },
  "referee" : {
    "id" : 8,
    "name" : "Anthony Taylor",
    "country" : {
      "id" : 68,
      "name" : "England"
    }
  }
}, {
  "match_id" : 3930184,
  "match_date" : "2024-06-26",
  "kick_off" : "22:00:00.000",
  "competition" : {
    "competition_id" : 55,
    "country_name" : "Europe",
    "competition_name" : "UEFA Euro"
  },
  "season" : {
    "season_id" : 282,
    "season_name" : "2024"
  },
  "home_team" : {
    "home_team_id" : 912,
    "home_team_name" : "Czech Republic",
    "home_team_gender" : "male",
    "home_team_group" : null,
    "country" : {
      "id" : 60,
      "name" : "Czech Republic"
    },
    "managers" : [ {
      "id" : 1000468,
      "name" : "Ivan Hašek",
      "nickname" : null,
      "dob" : "1963-09-06",
      "country" : {
        "id" : 60,
        "name" : "Czech Republic"
      }
    } ]
  },
  "away_team" : {
    "away_team_id" : 909,
    "away_team_name" : "Turkey",
    "away_team_gender" : "male",
    "away_team_group" : null,
    "country" : {
      "id" : 233,
      "name" : "Turkey"
    },
    "managers" : [ {
      "id" : 232,
      "name" : "Vincenzo Montella",
      "nickname" : null,
      "dob" : "1974-06-18",
      "country" : {
        "id" : 112,
        "name" : "Italy"
      }
    } ]
  },
  "home_score" : 1,
  "away_score" : 2,
  "match_status" : "available",
  "match_status_360" : "available",
  "last_updated" : "2024-07-10T11:02:46.751020",
  "last_updated_360" : "2024-07-10T11:03:55.105146",
  "metadata" : {
    "data_version" : "1.1.0",
    "shot_fidelity_version" : "2",
    "xy_fidelity_version" : "2"
  },
  "match_week" : 3,
  "competition_stage" : {
    "id" : 10,
    "name" : "Group Stage"
  },
  "stadium" : {
    "id" : 379,
    "name" : "Volksparkstadion",
    "country" : {
      "id" : 85,
      "name" : "Germany"
    }
  },
  "referee" : {
    "id" : 1011397,
    "name" : "István Kovács",
    "country" : {
      "id" : 187,
      "name" : "Romania"
    }
  }
}, {
  "match_id" : 3941022,
  "match_date" : "2024-07-02",
  "kick_off" : "22:00:00.000",
  "competition" : {
    "competition_id" : 55,
    "country_name" : "Europe",
    "competition_name" : "UEFA Euro"
  },
  "season" : {
    "season_id" : 282,
    "season_name" : "2024"
  },
  "home_team" : {
    "home_team_id" : 915,
    "home_team_name" : "Austria",
    "home_team_gender" : "male",
    "home_team_group" : null,
    "country" : {
      "id" : 15,
      "name" : "Austria"
    },
    "managers" : [ {
      "id" : 380,
      "name" : "Ralf Rangnick",
      "nickname" : null,
      "dob" : "1958-06-29",
      "country" : {
        "id" : 85,
        "name" : "Germany"
      }
    } ]
  },
  "away_team" : {
    "away_team_id" : 909,
    "away_team_name" : "Turkey",
    "away_team_gender" : "male",
    "away_team_group" : null,
    "country" : {
      "id" : 233,
      "name" : "Turkey"
    },
    "managers" : [ {
      "id" : 232,
      "name" : "Vincenzo Montella",
      "nickname" : null,
      "dob" : "1974-06-18",
      "country" : {
        "id" : 112,
        "name" : "Italy"
      }
    } ]
  },
  "home_score" : 1,
  "away_score" : 2,
  "match_status" : "available",
  "match_status_360" : "available",
  "last_updated" : "2024-07-10T11:29:53.368810",
  "last_updated_360" : "2024-07-10T11:31:13.553408",
  "metadata" : {
    "data_version" : "1.1.0",
    "shot_fidelity_version" : "2",
    "xy_fidelity_version" : "2"
  },
  "match_week" : 4,
  "competition_stage" : {
    "id" : 33,
    "name" : "Round of 16"
  },
  "stadium" : {
    "id" : 376,
    "name" : "Red Bull Arena",
    "country" : {
      "id" : 85,
      "name" : "Germany"
    }
  },
  "referee" : {
    "id" : 2445,
    "name" : "Artur Manuel Ribeiro Soares Dias",
    "country" : {
      "id" : 183,
      "name" : "Portugal"
    }
  }
}, {
  "match_id" : 3941021,
  "match_date" : "2024-07-02",
  "kick_off" : "19:00:00.000",
  "competition" : {
    "competition_id" : 55,
    "country_name" : "Europe",
    "competition_name" : "UEFA Euro"
  },
  "season" : {
    "season_id" : 282,
    "season_name" : "2024"
  },
  "home_team" : {
    "home_team_id" : 905,
    "home_team_name" : "Romania",
    "home_team_gender" : "male",
    "home_team_group" : null,
    "country" : {
      "id" : 187,
      "name" : "Romania"
    },
    "managers" : [ {
      "id" : 6237,
      "name" : "Edward Iordănescu",
      "nickname" : null,
      "dob" : "1978-06-16",
      "country" : {
        "id" : 187,
        "name" : "Romania"
      }
    } ]
  },
  "away_team" : {
    "away_team_id" : 941,
    "away_team_name" : "Netherlands",
    "away_team_gender" : "male",
    "away_team_group" : null,
    "country" : {
      "id" : 160,
      "name" : "Netherlands"
    },
    "managers" : [ {
      "id" : 676,
      "name" : "Ronald Koeman",
      "nickname" : null,
      "dob" : "1963-03-21",
      "country" : {
        "id" : 160,
        "name" : "Netherlands"
      }
    } ]
  },
  "home_score" : 0,
  "away_score" : 3,
  "match_status" : "available",
  "match_status_360" : "available",
  "last_updated" : "2024-07-12T23:26:38.304669",
  "last_updated_360" : "2024-07-12T23:28:27.122555",
  "metadata" : {
    "data_version" : "1.1.0",
    "shot_fidelity_version" : "2",
    "xy_fidelity_version" : "2"
  },
  "match_week" : 4,
  "competition_stage" : {
    "id" : 33,
    "name" : "Round of 16"
  },
  "stadium" : {
    "id" : 4867,
    "name" : "Allianz Arena",
    "country" : {
      "id" : 85,
      "name" : "Germany"
    }
  },
  "referee" : {
    "id" : 241,
    "name" : "Felix Zwayer",
    "country" : {
      "id" : 85,
      "name" : "Germany"
    }
  }
}, {
  "match_id" : 3941020,
  "match_date" : "2024-07-01",
  "kick_off" : "22:00:00.000",
  "competition" : {
    "competition_id" : 55,
    "country_name" : "Europe",
    "competition_name" : "UEFA Euro"
  },
  "season" : {
    "season_id" : 282,
    "season_name" : "2024"
  },
  "home_team" : {
    "home_team_id" : 780,
    "home_team_name" : "Portugal",
    "home_team_gender" : "male",
    "home_team_group" : null,
    "country" : {
      "id" : 183,
      "name" : "Portugal"
    },
    "managers" : [ {
      "id" : 263,
      "name" : "Roberto Martínez Montoliú",
      "nickname" : "Roberto Martínez",
      "dob" : "1973-07-13",
      "country" : {
        "id" : 214,
        "name" : "Spain"
      }
    } ]
  },
  "away_team" : {
    "away_team_id" : 944,
    "away_team_name" : "Slovenia",
    "away_team_gender" : "male",
    "away_team_group" : null,
    "country" : {
      "id" : 208,
      "name" : "Slovenia"
    },
    "managers" : [ {
      "id" : 1733,
      "name" : "Matjaž Kek",
      "nickname" : null,
      "dob" : "1961-09-09",
      "country" : {
        "id" : 208,
        "name" : "Slovenia"
      }
    } ]
  },
  "home_score" : 0,
  "away_score" : 0,
  "match_status" : "available",
  "match_status_360" : "available",
  "last_updated" : "2024-07-13T19:48:26.863138",
  "last_updated_360" : "2024-07-13T19:48:57.256302",
  "metadata" : {
    "data_version" : "1.1.0",
    "shot_fidelity_version" : "2",
    "xy_fidelity_version" : "2"
  },
  "match_week" : 4,
  "competition_stage" : {
    "id" : 33,
    "name" : "Round of 16"
  },
  "stadium" : {
    "id" : 116458,
    "name" : "Deutsche Bank Park",
    "country" : {
      "id" : 85,
      "name" : "Germany"
    }
  },
  "referee" : {
    "id" : 269,
    "name" : "Daniele Orsato",
    "country" : {
      "id" : 112,
      "name" : "Italy"
    }
  }
}, {
  "match_id" : 3941019,
  "match_date" : "2024-07-01",
  "kick_off" : "19:00:00.000",
  "competition" : {
    "competition_id" : 55,
    "country_name" : "Europe",
    "competition_name" : "UEFA Euro"
  },
  "season" : {
    "season_id" : 282,
    "season_name" : "2024"
  },
  "home_team" : {
    "home_team_id" : 771,
    "home_team_name" : "France",
    "home_team_gender" : "male",
    "home_team_group" : null,
    "country" : {
      "id" : 78,
      "name" : "France"
    },
    "managers" : [ {
      "id" : 545,
      "name" : "Didier Deschamps",
      "nickname" : null,
      "dob" : "1968-10-15",
      "country" : {
        "id" : 78,
        "name" : "France"
      }
    } ]
  },
  "away_team" : {
    "away_team_id" : 782,
    "away_team_name" : "Belgium",
    "away_team_gender" : "male",
    "away_team_group" : null,
    "country" : {
      "id" : 22,
      "name" : "Belgium"
    },
    "managers" : [ {
      "id" : 48,
      "name" : "Domenico Tedesco",
      "nickname" : null,
      "dob" : "1985-09-12",
      "country" : {
        "id" : 85,
        "name" : "Germany"
      }
    } ]
  },
  "home_score" : 1,
  "away_score" : 0,
  "match_status" : "available",
  "match_status_360" : "available",
  "last_updated" : "2024-07-10T11:03:34.307124",
  "last_updated_360" : "2024-07-10T11:04:16.590488",
  "metadata" : {
    "data_version" : "1.1.0",
    "shot_fidelity_version" : "2",
    "xy_fidelity_version" : "2"
  },
  "match_week" : 4,
  "competition_stage" : {
    "id" : 33,
    "name" : "Round of 16"
  },
  "stadium" : {
    "id" : 4866,
    "name" : "Merkur Spiel-Arena",
    "country" : {
      "id" : 85,
      "name" : "Germany"
    }
  },
  "referee" : {
    "id" : 1062,
    "name" : "Glenn Nyberg",
    "country" : {
      "id" : 220,
      "name" : "Sweden"
    }
  }
}, {
  "match_id" : 3941018,
  "match_date" : "2024-06-30",
  "kick_off" : "22:00:00.000",
  "competition" : {
    "competition_id" : 55,
    "country_name" : "Europe",
    "competition_name" : "UEFA Euro"
  },
  "season" : {
    "season_id" : 282,
    "season_name" : "2024"
  },
  "home_team" : {
    "home_team_id" : 772,
    "home_team_name" : "Spain",
    "home_team_gender" : "male",
    "home_team_group" : null,
    "country" : {
      "id" : 214,
      "name" : "Spain"
    },
    "managers" : [ {
      "id" : 5588,
      "name" : "Luis de la Fuente Castillo",
      "nickname" : "Luis de la Fuente",
      "dob" : "1961-06-21",
      "country" : {
        "id" : 214,
        "name" : "Spain"
      }
    } ]
  },
  "away_team" : {
    "away_team_id" : 2138,
    "away_team_name" : "Georgia",
    "away_team_gender" : "male",
    "away_team_group" : null,
    "country" : {
      "id" : 84,
      "name" : "Georgia"
    },
    "managers" : [ {
      "id" : 752,
      "name" : "Willy Sagnol",
      "nickname" : null,
      "dob" : "1977-03-18",
      "country" : {
        "id" : 78,
        "name" : "France"
      }
    } ]
  },
  "home_score" : 4,
  "away_score" : 1,
  "match_status" : "available",
  "match_status_360" : "available",
  "last_updated" : "2024-07-12T06:06:58.963038",
  "last_updated_360" : "2024-07-12T06:08:12.572176",
  "metadata" : {
    "data_version" : "1.1.0",
    "shot_fidelity_version" : "2",
    "xy_fidelity_version" : "2"
  },
  "match_week" : 4,
  "competition_stage" : {
    "id" : 33,
    "name" : "Round of 16"
  },
  "stadium" : {
    "id" : 363,
    "name" : "RheinEnergieStadion",
    "country" : {
      "id" : 85,
      "name" : "Germany"
    }
  },
  "referee" : {
    "id" : 79,
    "name" : "François Letexier",
    "country" : {
      "id" : 78,
      "name" : "France"
    }
  }
}, {
  "match_id" : 3941017,
  "match_date" : "2024-06-30",
  "kick_off" : "19:00:00.000",
  "competition" : {
    "competition_id" : 55,
    "country_name" : "Europe",
    "competition_name" : "UEFA Euro"
  },
  "season" : {
    "season_id" : 282,
    "season_name" : "2024"
  },
  "home_team" : {
    "home_team_id" : 768,
    "home_team_name" : "England",
    "home_team_gender" : "male",
    "home_team_group" : null,
    "country" : {
      "id" : 68,
      "name" : "England"
    },
    "managers" : [ {
      "id" : 277,
      "name" : "Gareth Southgate",
      "nickname" : null,
      "dob" : "1970-09-03",
      "country" : {
        "id" : 68,
        "name" : "England"
      }
    } ]
  },
  "away_team" : {
    "away_team_id" : 908,
    "away_team_name" : "Slovakia",
    "away_team_gender" : "male",
    "away_team_group" : null,
    "country" : {
      "id" : 207,
      "name" : "Slovakia"
    },
    "managers" : [ {
      "id" : 1002171,
      "name" : "Francesco Calzona",
      "nickname" : null,
      "dob" : "1968-10-24",
      "country" : {
        "id" : 112,
        "name" : "Italy"
      }
    } ]
  },
  "home_score" : 2,
  "away_score" : 1,
  "match_status" : "available",
  "match_status_360" : "available",
  "last_updated" : "2024-07-10T11:29:00.136519",
  "last_updated_360" : "2024-07-10T11:31:44.852038",
  "metadata" : {
    "data_version" : "1.1.0",
    "shot_fidelity_version" : "2",
    "xy_fidelity_version" : "2"
  },
  "match_week" : 4,
  "competition_stage" : {
    "id" : 33,
    "name" : "Round of 16"
  },
  "stadium" : {
    "id" : 370,
    "name" : "VELTINS-Arena",
    "country" : {
      "id" : 85,
      "name" : "Germany"
    }
  },
  "referee" : {
    "id" : 845,
    "name" : "Halil Umut Meler",
    "country" : {
      "id" : 233,
      "name" : "Turkey"
    }
  }
}, {
  "match_id" : 3930182,
  "match_date" : "2024-06-25",
  "kick_off" : "22:00:00.000",
  "competition" : {
    "competition_id" : 55,
    "country_name" : "Europe",
    "competition_name" : "UEFA Euro"
  },
  "season" : {
    "season_id" : 282,
    "season_name" : "2024"
  },
  "home_team" : {
    "home_team_id" : 776,
    "home_team_name" : "Denmark",
    "home_team_gender" : "male",
    "home_team_group" : null,
    "country" : {
      "id" : 61,
      "name" : "Denmark"
    },
    "managers" : [ {
      "id" : 255,
      "name" : "Kasper Hjulmand",
      "nickname" : null,
      "dob" : "1972-04-09",
      "country" : {
        "id" : 61,
        "name" : "Denmark"
      }
    } ]
  },
  "away_team" : {
    "away_team_id" : 786,
    "away_team_name" : "Serbia",
    "away_team_gender" : "male",
    "away_team_group" : null,
    "country" : {
      "id" : 203,
      "name" : "Serbia"
    },
    "managers" : [ {
      "id" : 5908,
      "name" : "Dragan Stojković",
      "nickname" : null,
      "dob" : "1965-03-03",
      "country" : {
        "id" : 203,
        "name" : "Serbia"
      }
    } ]
  },
  "home_score" : 0,
  "away_score" : 0,
  "match_status" : "available",
  "match_status_360" : "available",
  "last_updated" : "2024-07-10T09:18:43.407808",
  "last_updated_360" : "2024-07-10T09:19:06.030329",
  "metadata" : {
    "data_version" : "1.1.0",
    "shot_fidelity_version" : "2",
    "xy_fidelity_version" : "2"
  },
  "match_week" : 3,
  "competition_stage" : {
    "id" : 10,
    "name" : "Group Stage"
  },
  "stadium" : {
    "id" : 4867,
    "name" : "Allianz Arena",
    "country" : {
      "id" : 85,
      "name" : "Germany"
    }
  },
  "referee" : {
    "id" : 79,
    "name" : "François Letexier",
    "country" : {
      "id" : 78,
      "name" : "France"
    }
  }
}, {
  "match_id" : 3930179,
  "match_date" : "2024-06-24",
  "kick_off" : "22:00:00.000",
  "competition" : {
    "competition_id" : 55,
    "country_name" : "Europe",
    "competition_name" : "UEFA Euro"
  },
  "season" : {
    "season_id" : 282,
    "season_name" : "2024"
  },
  "home_team" : {
    "home_team_id" : 906,
    "home_team_name" : "Albania",
    "home_team_gender" : "male",
    "home_team_group" : null,
    "country" : {
      "id" : 3,
      "name" : "Albania"
    },
    "managers" : [ {
      "id" : 1877,
      "name" : "Sylvio Mendes Campos Junior",
      "nickname" : "Sylvinho",
      "dob" : "1974-04-12",
      "country" : {
        "id" : 31,
        "name" : "Brazil"
      }
    } ]
  },
  "away_team" : {
    "away_team_id" : 772,
    "away_team_name" : "Spain",
    "away_team_gender" : "male",
    "away_team_group" : null,
    "country" : {
      "id" : 214,
      "name" : "Spain"
    },
    "managers" : [ {
      "id" : 5588,
      "name" : "Luis de la Fuente Castillo",
      "nickname" : "Luis de la Fuente",
      "dob" : "1961-06-21",
      "country" : {
        "id" : 214,
        "name" : "Spain"
      }
    } ]
  },
  "home_score" : 0,
  "away_score" : 1,
  "match_status" : "available",
  "match_status_360" : "available",
  "last_updated" : "2024-07-01T06:01:14.238710",
  "last_updated_360" : "2024-07-01T06:07:22.418137",
  "metadata" : {
    "data_version" : "1.1.0",
    "shot_fidelity_version" : "2",
    "xy_fidelity_version" : "2"
  },
  "match_week" : 3,
  "competition_stage" : {
    "id" : 10,
    "name" : "Group Stage"
  },
  "stadium" : {
    "id" : 4866,
    "name" : "Merkur Spiel-Arena",
    "country" : {
      "id" : 85,
      "name" : "Germany"
    }
  },
  "referee" : {
    "id" : 1062,
    "name" : "Glenn Nyberg",
    "country" : {
      "id" : 220,
      "name" : "Sweden"
    }
  }
}, {
  "match_id" : 3940983,
  "match_date" : "2024-06-29",
  "kick_off" : "22:00:00.000",
  "competition" : {
    "competition_id" : 55,
    "country_name" : "Europe",
    "competition_name" : "UEFA Euro"
  },
  "season" : {
    "season_id" : 282,
    "season_name" : "2024"
  },
  "home_team" : {
    "home_team_id" : 770,
    "home_team_name" : "Germany",
    "home_team_gender" : "male",
    "home_team_group" : null,
    "country" : {
      "id" : 85,
      "name" : "Germany"
    },
    "managers" : [ {
      "id" : 445,
      "name" : "Julian Nagelsmann",
      "nickname" : null,
      "dob" : "1987-07-23",
      "country" : {
        "id" : 85,
        "name" : "Germany"
      }
    } ]
  },
  "away_team" : {
    "away_team_id" : 776,
    "away_team_name" : "Denmark",
    "away_team_gender" : "male",
    "away_team_group" : null,
    "country" : {
      "id" : 61,
      "name" : "Denmark"
    },
    "managers" : [ {
      "id" : 255,
      "name" : "Kasper Hjulmand",
      "nickname" : null,
      "dob" : "1972-04-09",
      "country" : {
        "id" : 61,
        "name" : "Denmark"
      }
    } ]
  },
  "home_score" : 2,
  "away_score" : 0,
  "match_status" : "available",
  "match_status_360" : "available",
  "last_updated" : "2024-07-07T11:13:23.042917",
  "last_updated_360" : "2024-07-07T11:16:18.087539",
  "metadata" : {
    "data_version" : "1.1.0",
    "shot_fidelity_version" : "2",
    "xy_fidelity_version" : "2"
  },
  "match_week" : 4,
  "competition_stage" : {
    "id" : 33,
    "name" : "Round of 16"
  },
  "stadium" : {
    "id" : 373,
    "name" : "Signal-Iduna-Park",
    "country" : {
      "id" : 85,
      "name" : "Germany"
    }
  },
  "referee" : {
    "id" : 1,
    "name" : "Michael Oliver",
    "country" : {
      "id" : 68,
      "name" : "England"
    }
  }
}, {
  "match_id" : 3940878,
  "match_date" : "2024-06-29",
  "kick_off" : "19:00:00.000",
  "competition" : {
    "competition_id" : 55,
    "country_name" : "Europe",
    "competition_name" : "UEFA Euro"
  },
  "season" : {
    "season_id" : 282,
    "season_name" : "2024"
  },
  "home_team" : {
    "home_team_id" : 773,
    "home_team_name" : "Switzerland",
    "home_team_gender" : "male",
    "home_team_group" : null,
    "country" : {
      "id" : 221,
      "name" : "Switzerland"
    },
    "managers" : [ {
      "id" : 2832,
      "name" : "Murat Yakin",
      "nickname" : null,
      "dob" : "1974-09-15",
      "country" : {
        "id" : 221,
        "name" : "Switzerland"
      }
    } ]
  },
  "away_team" : {
    "away_team_id" : 914,
    "away_team_name" : "Italy",
    "away_team_gender" : "male",
    "away_team_group" : null,
    "country" : {
      "id" : 112,
      "name" : "Italy"
    },
    "managers" : [ {
      "id" : 399,
      "name" : "Luciano Spalletti",
      "nickname" : null,
      "dob" : "1959-03-07",
      "country" : {
        "id" : 112,
        "name" : "Italy"
      }
    } ]
  },
  "home_score" : 2,
  "away_score" : 0,
  "match_status" : "available",
  "match_status_360" : "available",
  "last_updated" : "2024-07-12T01:31:40.240029",
  "last_updated_360" : "2024-07-12T01:32:19.577126",
  "metadata" : {
    "data_version" : "1.1.0",
    "shot_fidelity_version" : "2",
    "xy_fidelity_version" : "2"
  },
  "match_week" : 4,
  "competition_stage" : {
    "id" : 33,
    "name" : "Round of 16"
  },
  "stadium" : {
    "id" : 367,
    "name" : "Olympiastadion Berlin",
    "country" : {
      "id" : 85,
      "name" : "Germany"
    }
  },
  "referee" : {
    "id" : 367,
    "name" : "Szymon Marciniak",
    "country" : {
      "id" : 182,
      "name" : "Poland"
    }
  }
}, {
  "match_id" : 3930177,
  "match_date" : "2024-06-23",
  "kick_off" : "22:00:00.000",
  "competition" : {
    "competition_id" : 55,
    "country_name" : "Europe",
    "competition_name" : "UEFA Euro"
  },
  "season" : {
    "season_id" : 282,
    "season_name" : "2024"
  },
  "home_team" : {
    "home_team_id" : 942,
    "home_team_name" : "Scotland",
    "home_team_gender" : "male",
    "home_team_group" : null,
    "country" : {
      "id" : 201,
      "name" : "Scotland"
    },
    "managers" : [ {
      "id" : 510,
      "name" : "Steve Clarke",
      "nickname" : null,
      "dob" : "1963-08-29",
      "country" : {
        "id" : 201,
        "name" : "Scotland"
      }
    } ]
  },
  "away_team" : {
    "away_team_id" : 916,
    "away_team_name" : "Hungary",
    "away_team_gender" : "male",
    "away_team_group" : null,
    "country" : {
      "id" : 103,
      "name" : "Hungary"
    },
    "managers" : [ {
      "id" : 3616,
      "name" : "Marco Rossi",
      "nickname" : null,
      "dob" : "1964-09-09",
      "country" : {
        "id" : 112,
        "name" : "Italy"
      }
    } ]
  },
  "home_score" : 0,
  "away_score" : 1,
  "match_status" : "available",
  "match_status_360" : "available",
  "last_updated" : "2024-07-10T14:53:58.833786",
  "last_updated_360" : "2024-07-10T14:56:29.359087",
  "metadata" : {
    "data_version" : "1.1.0",
    "shot_fidelity_version" : "2",
    "xy_fidelity_version" : "2"
  },
  "match_week" : 3,
  "competition_stage" : {
    "id" : 10,
    "name" : "Group Stage"
  },
  "stadium" : {
    "id" : 369,
    "name" : "MHPArena",
    "country" : {
      "id" : 85,
      "name" : "Germany"
    }
  },
  "referee" : {
    "id" : 1094,
    "name" : "Facundo Tello Figueroa",
    "country" : {
      "id" : 11,
      "name" : "Argentina"
    }
  }
}, {
  "match_id" : 3930173,
  "match_date" : "2024-06-21",
  "kick_off" : "22:00:00.000",
  "competition" : {
    "competition_id" : 55,
    "country_name" : "Europe",
    "competition_name" : "UEFA Euro"
  },
  "season" : {
    "season_id" : 282,
    "season_name" : "2024"
  },
  "home_team" : {
    "home_team_id" : 941,
    "home_team_name" : "Netherlands",
    "home_team_gender" : "male",
    "home_team_group" : null,
    "country" : {
      "id" : 160,
      "name" : "Netherlands"
    },
    "managers" : [ {
      "id" : 676,
      "name" : "Ronald Koeman",
      "nickname" : null,
      "dob" : "1963-03-21",
      "country" : {
        "id" : 160,
        "name" : "Netherlands"
      }
    } ]
  },
  "away_team" : {
    "away_team_id" : 771,
    "away_team_name" : "France",
    "away_team_gender" : "male",
    "away_team_group" : null,
    "country" : {
      "id" : 78,
      "name" : "France"
    },
    "managers" : [ {
      "id" : 545,
      "name" : "Didier Deschamps",
      "nickname" : null,
      "dob" : "1968-10-15",
      "country" : {
        "id" : 78,
        "name" : "France"
      }
    } ]
  },
  "home_score" : 0,
  "away_score" : 0,
  "match_status" : "available",
  "match_status_360" : "available",
  "last_updated" : "2024-07-12T19:37:47.584481",
  "last_updated_360" : "2024-07-12T19:39:43.381031",
  "metadata" : {
    "data_version" : "1.1.0",
    "shot_fidelity_version" : "2",
    "xy_fidelity_version" : "2"
  },
  "match_week" : 2,
  "competition_stage" : {
    "id" : 10,
    "name" : "Group Stage"
  },
  "stadium" : {
    "id" : 5249,
    "name" : "Trainingszentrum RB Leipzig Platz 1",
    "country" : {
      "id" : 85,
      "name" : "Germany"
    }
  },
  "referee" : {
    "id" : 8,
    "name" : "Anthony Taylor",
    "country" : {
      "id" : 68,
      "name" : "England"
    }
  }
}, {
  "match_id" : 3930172,
  "match_date" : "2024-06-20",
  "kick_off" : "22:00:00.000",
  "competition" : {
    "competition_id" : 55,
    "country_name" : "Europe",
    "competition_name" : "UEFA Euro"
  },
  "season" : {
    "season_id" : 282,
    "season_name" : "2024"
  },
  "home_team" : {
    "home_team_id" : 772,
    "home_team_name" : "Spain",
    "home_team_gender" : "male",
    "home_team_group" : null,
    "country" : {
      "id" : 214,
      "name" : "Spain"
    },
    "managers" : [ {
      "id" : 5588,
      "name" : "Luis de la Fuente Castillo",
      "nickname" : "Luis de la Fuente",
      "dob" : "1961-06-21",
      "country" : {
        "id" : 214,
        "name" : "Spain"
      }
    } ]
  },
  "away_team" : {
    "away_team_id" : 914,
    "away_team_name" : "Italy",
    "away_team_gender" : "male",
    "away_team_group" : null,
    "country" : {
      "id" : 112,
      "name" : "Italy"
    },
    "managers" : [ {
      "id" : 399,
      "name" : "Luciano Spalletti",
      "nickname" : null,
      "dob" : "1959-03-07",
      "country" : {
        "id" : 112,
        "name" : "Italy"
      }
    } ]
  },
  "home_score" : 1,
  "away_score" : 0,
  "match_status" : "available",
  "match_status_360" : "available",
  "last_updated" : "2024-07-12T00:15:20.599402",
  "last_updated_360" : "2024-07-12T00:16:51.275112",
  "metadata" : {
    "data_version" : "1.1.0",
    "shot_fidelity_version" : "2",
    "xy_fidelity_version" : "2"
  },
  "match_week" : 2,
  "competition_stage" : {
    "id" : 10,
    "name" : "Group Stage"
  },
  "stadium" : {
    "id" : 370,
    "name" : "VELTINS-Arena",
    "country" : {
      "id" : 85,
      "name" : "Germany"
    }
  },
  "referee" : {
    "id" : 943,
    "name" : "Slavko Vinčić",
    "country" : {
      "id" : 208,
      "name" : "Slovenia"
    }
  }
}, {
  "match_id" : 3930167,
  "match_date" : "2024-06-19",
  "kick_off" : "16:00:00.000",
  "competition" : {
    "competition_id" : 55,
    "country_name" : "Europe",
    "competition_name" : "UEFA Euro"
  },
  "season" : {
    "season_id" : 282,
    "season_name" : "2024"
  },
  "home_team" : {
    "home_team_id" : 785,
    "home_team_name" : "Croatia",
    "home_team_gender" : "male",
    "home_team_group" : null,
    "country" : {
      "id" : 56,
      "name" : "Croatia"
    },
    "managers" : [ {
      "id" : 307,
      "name" : "Zlatko Dalić",
      "nickname" : null,
      "dob" : "1966-10-26",
      "country" : {
        "id" : 56,
        "name" : "Croatia"
      }
    } ]
  },
  "away_team" : {
    "away_team_id" : 906,
    "away_team_name" : "Albania",
    "away_team_gender" : "male",
    "away_team_group" : null,
    "country" : {
      "id" : 3,
      "name" : "Albania"
    },
    "managers" : [ {
      "id" : 1877,
      "name" : "Sylvio Mendes Campos Junior",
      "nickname" : "Sylvinho",
      "dob" : "1974-04-12",
      "country" : {
        "id" : 31,
        "name" : "Brazil"
      }
    } ]
  },
  "home_score" : 2,
  "away_score" : 2,
  "match_status" : "available",
  "match_status_360" : "available",
  "last_updated" : "2024-07-11T08:16:46.595970",
  "last_updated_360" : "2024-07-11T08:18:46.582123",
  "metadata" : {
    "data_version" : "1.1.0",
    "shot_fidelity_version" : "2",
    "xy_fidelity_version" : "2"
  },
  "match_week" : 2,
  "competition_stage" : {
    "id" : 10,
    "name" : "Group Stage"
  },
  "stadium" : {
    "id" : 379,
    "name" : "Volksparkstadion",
    "country" : {
      "id" : 85,
      "name" : "Germany"
    }
  },
  "referee" : {
    "id" : 79,
    "name" : "François Letexier",
    "country" : {
      "id" : 78,
      "name" : "France"
    }
  }
}, {
  "match_id" : 3930168,
  "match_date" : "2024-06-19",
  "kick_off" : "19:00:00.000",
  "competition" : {
    "competition_id" : 55,
    "country_name" : "Europe",
    "competition_name" : "UEFA Euro"
  },
  "season" : {
    "season_id" : 282,
    "season_name" : "2024"
  },
  "home_team" : {
    "home_team_id" : 770,
    "home_team_name" : "Germany",
    "home_team_gender" : "male",
    "home_team_group" : null,
    "country" : {
      "id" : 85,
      "name" : "Germany"
    },
    "managers" : [ {
      "id" : 445,
      "name" : "Julian Nagelsmann",
      "nickname" : null,
      "dob" : "1987-07-23",
      "country" : {
        "id" : 85,
        "name" : "Germany"
      }
    } ]
  },
  "away_team" : {
    "away_team_id" : 916,
    "away_team_name" : "Hungary",
    "away_team_gender" : "male",
    "away_team_group" : null,
    "country" : {
      "id" : 103,
      "name" : "Hungary"
    },
    "managers" : [ {
      "id" : 3616,
      "name" : "Marco Rossi",
      "nickname" : null,
      "dob" : "1964-09-09",
      "country" : {
        "id" : 112,
        "name" : "Italy"
      }
    } ]
  },
  "home_score" : 2,
  "away_score" : 0,
  "match_status" : "available",
  "match_status_360" : "available",
  "last_updated" : "2024-07-11T14:19:14.279155",
  "last_updated_360" : "2024-07-11T14:24:30.771631",
  "metadata" : {
    "data_version" : "1.1.0",
    "shot_fidelity_version" : "2",
    "xy_fidelity_version" : "2"
  },
  "match_week" : 2,
  "competition_stage" : {
    "id" : 10,
    "name" : "Group Stage"
  },
  "stadium" : {
    "id" : 369,
    "name" : "MHPArena",
    "country" : {
      "id" : 85,
      "name" : "Germany"
    }
  },
  "referee" : {
    "id" : 293,
    "name" : "Danny Desmond Makkelie",
    "country" : {
      "id" : 160,
      "name" : "Netherlands"
    }
  }
}, {
  "match_id" : 3930165,
  "match_date" : "2024-06-17",
  "kick_off" : "22:00:00.000",
  "competition" : {
    "competition_id" : 55,
    "country_name" : "Europe",
    "competition_name" : "UEFA Euro"
  },
  "season" : {
    "season_id" : 282,
    "season_name" : "2024"
  },
  "home_team" : {
    "home_team_id" : 915,
    "home_team_name" : "Austria",
    "home_team_gender" : "male",
    "home_team_group" : null,
    "country" : {
      "id" : 15,
      "name" : "Austria"
    },
    "managers" : [ {
      "id" : 380,
      "name" : "Ralf Rangnick",
      "nickname" : null,
      "dob" : "1958-06-29",
      "country" : {
        "id" : 85,
        "name" : "Germany"
      }
    } ]
  },
  "away_team" : {
    "away_team_id" : 771,
    "away_team_name" : "France",
    "away_team_gender" : "male",
    "away_team_group" : null,
    "country" : {
      "id" : 78,
      "name" : "France"
    },
    "managers" : [ {
      "id" : 545,
      "name" : "Didier Deschamps",
      "nickname" : null,
      "dob" : "1968-10-15",
      "country" : {
        "id" : 78,
        "name" : "France"
      }
    } ]
  },
  "home_score" : 0,
  "away_score" : 1,
  "match_status" : "available",
  "match_status_360" : "available",
  "last_updated" : "2024-07-13T18:17:49.004138",
  "last_updated_360" : "2024-07-13T18:19:14.500227",
  "metadata" : {
    "data_version" : "1.1.0",
    "shot_fidelity_version" : "2",
    "xy_fidelity_version" : "2"
  },
  "match_week" : 1,
  "competition_stage" : {
    "id" : 10,
    "name" : "Group Stage"
  },
  "stadium" : {
    "id" : 4866,
    "name" : "Merkur Spiel-Arena",
    "country" : {
      "id" : 85,
      "name" : "Germany"
    }
  },
  "referee" : {
    "id" : 183,
    "name" : "Jesús Gil Manzano",
    "country" : {
      "id" : 214,
      "name" : "Spain"
    }
  }
}, {
  "match_id" : 3930164,
  "match_date" : "2024-06-17",
  "kick_off" : "19:00:00.000",
  "competition" : {
    "competition_id" : 55,
    "country_name" : "Europe",
    "competition_name" : "UEFA Euro"
  },
  "season" : {
    "season_id" : 282,
    "season_name" : "2024"
  },
  "home_team" : {
    "home_team_id" : 782,
    "home_team_name" : "Belgium",
    "home_team_gender" : "male",
    "home_team_group" : null,
    "country" : {
      "id" : 22,
      "name" : "Belgium"
    },
    "managers" : [ {
      "id" : 48,
      "name" : "Domenico Tedesco",
      "nickname" : null,
      "dob" : "1985-09-12",
      "country" : {
        "id" : 85,
        "name" : "Germany"
      }
    } ]
  },
  "away_team" : {
    "away_team_id" : 908,
    "away_team_name" : "Slovakia",
    "away_team_gender" : "male",
    "away_team_group" : null,
    "country" : {
      "id" : 207,
      "name" : "Slovakia"
    },
    "managers" : [ {
      "id" : 1002171,
      "name" : "Francesco Calzona",
      "nickname" : null,
      "dob" : "1968-10-24",
      "country" : {
        "id" : 112,
        "name" : "Italy"
      }
    } ]
  },
  "home_score" : 0,
  "away_score" : 1,
  "match_status" : "available",
  "match_status_360" : "available",
  "last_updated" : "2024-07-13T23:57:02.143146",
  "last_updated_360" : "2024-07-14T00:00:18.546176",
  "metadata" : {
    "data_version" : "1.1.0",
    "shot_fidelity_version" : "2",
    "xy_fidelity_version" : "2"
  },
  "match_week" : 1,
  "competition_stage" : {
    "id" : 10,
    "name" : "Group Stage"
  },
  "stadium" : {
    "id" : 116458,
    "name" : "Deutsche Bank Park",
    "country" : {
      "id" : 85,
      "name" : "Germany"
    }
  },
  "referee" : {
    "id" : 845,
    "name" : "Halil Umut Meler",
    "country" : {
      "id" : 233,
      "name" : "Turkey"
    }
  }
}, {
  "match_id" : 3930161,
  "match_date" : "2024-06-15",
  "kick_off" : "22:00:00.000",
  "competition" : {
    "competition_id" : 55,
    "country_name" : "Europe",
    "competition_name" : "UEFA Euro"
  },
  "season" : {
    "season_id" : 282,
    "season_name" : "2024"
  },
  "home_team" : {
    "home_team_id" : 914,
    "home_team_name" : "Italy",
    "home_team_gender" : "male",
    "home_team_group" : null,
    "country" : {
      "id" : 112,
      "name" : "Italy"
    },
    "managers" : [ {
      "id" : 399,
      "name" : "Luciano Spalletti",
      "nickname" : null,
      "dob" : "1959-03-07",
      "country" : {
        "id" : 112,
        "name" : "Italy"
      }
    } ]
  },
  "away_team" : {
    "away_team_id" : 906,
    "away_team_name" : "Albania",
    "away_team_gender" : "male",
    "away_team_group" : null,
    "country" : {
      "id" : 3,
      "name" : "Albania"
    },
    "managers" : [ {
      "id" : 1877,
      "name" : "Sylvio Mendes Campos Junior",
      "nickname" : "Sylvinho",
      "dob" : "1974-04-12",
      "country" : {
        "id" : 31,
        "name" : "Brazil"
      }
    } ]
  },
  "home_score" : 2,
  "away_score" : 1,
  "match_status" : "available",
  "match_status_360" : "available",
  "last_updated" : "2024-07-12T05:15:04.821436",
  "last_updated_360" : "2024-07-12T05:16:16.043874",
  "metadata" : {
    "data_version" : "1.1.0",
    "shot_fidelity_version" : "2",
    "xy_fidelity_version" : "2"
  },
  "match_week" : 1,
  "competition_stage" : {
    "id" : 10,
    "name" : "Group Stage"
  },
  "stadium" : {
    "id" : 373,
    "name" : "Signal-Iduna-Park",
    "country" : {
      "id" : 85,
      "name" : "Germany"
    }
  },
  "referee" : {
    "id" : 241,
    "name" : "Felix Zwayer",
    "country" : {
      "id" : 85,
      "name" : "Germany"
    }
  }
}, {
  "match_id" : 3938637,
  "match_date" : "2024-06-16",
  "kick_off" : "16:00:00.000",
  "competition" : {
    "competition_id" : 55,
    "country_name" : "Europe",
    "competition_name" : "UEFA Euro"
  },
  "season" : {
    "season_id" : 282,
    "season_name" : "2024"
  },
  "home_team" : {
    "home_team_id" : 789,
    "home_team_name" : "Poland",
    "home_team_gender" : "male",
    "home_team_group" : null,
    "country" : {
      "id" : 182,
      "name" : "Poland"
    },
    "managers" : [ {
      "id" : 363,
      "name" : "Michał Probierz",
      "nickname" : null,
      "dob" : "1972-09-24",
      "country" : {
        "id" : 182,
        "name" : "Poland"
      }
    } ]
  },
  "away_team" : {
    "away_team_id" : 941,
    "away_team_name" : "Netherlands",
    "away_team_gender" : "male",
    "away_team_group" : null,
    "country" : {
      "id" : 160,
      "name" : "Netherlands"
    },
    "managers" : [ {
      "id" : 676,
      "name" : "Ronald Koeman",
      "nickname" : null,
      "dob" : "1963-03-21",
      "country" : {
        "id" : 160,
        "name" : "Netherlands"
      }
    } ]
  },
  "home_score" : 1,
  "away_score" : 2,
  "match_status" : "available",
  "match_status_360" : "available",
  "last_updated" : "2024-07-12T03:37:17.747730",
  "last_updated_360" : "2024-07-12T03:39:53.010211",
  "metadata" : {
    "data_version" : "1.1.0",
    "shot_fidelity_version" : "2",
    "xy_fidelity_version" : "2"
  },
  "match_week" : 1,
  "competition_stage" : {
    "id" : 10,
    "name" : "Group Stage"
  },
  "stadium" : {
    "id" : 379,
    "name" : "Volksparkstadion",
    "country" : {
      "id" : 85,
      "name" : "Germany"
    }
  },
  "referee" : {
    "id" : 2445,
    "name" : "Artur Manuel Ribeiro Soares Dias",
    "country" : {
      "id" : 183,
      "name" : "Portugal"
    }
  }
}, {
  "match_id" : 3938640,
  "match_date" : "2024-06-21",
  "kick_off" : "16:00:00.000",
  "competition" : {
    "competition_id" : 55,
    "country_name" : "Europe",
    "competition_name" : "UEFA Euro"
  },
  "season" : {
    "season_id" : 282,
    "season_name" : "2024"
  },
  "home_team" : {
    "home_team_id" : 908,
    "home_team_name" : "Slovakia",
    "home_team_gender" : "male",
    "home_team_group" : null,
    "country" : {
      "id" : 207,
      "name" : "Slovakia"
    },
    "managers" : [ {
      "id" : 1002171,
      "name" : "Francesco Calzona",
      "nickname" : null,
      "dob" : "1968-10-24",
      "country" : {
        "id" : 112,
        "name" : "Italy"
      }
    } ]
  },
  "away_team" : {
    "away_team_id" : 911,
    "away_team_name" : "Ukraine",
    "away_team_gender" : "male",
    "away_team_group" : null,
    "country" : {
      "id" : 238,
      "name" : "Ukraine"
    },
    "managers" : [ {
      "id" : 2672,
      "name" : "Sergiy Rebrov",
      "nickname" : null,
      "dob" : "1974-06-03",
      "country" : {
        "id" : 238,
        "name" : "Ukraine"
      }
    } ]
  },
  "home_score" : 1,
  "away_score" : 2,
  "match_status" : "available",
  "match_status_360" : "available",
  "last_updated" : "2024-07-12T18:52:43.723907",
  "last_updated_360" : "2024-07-12T18:56:00.519961",
  "metadata" : {
    "data_version" : "1.1.0",
    "shot_fidelity_version" : "2",
    "xy_fidelity_version" : "2"
  },
  "match_week" : 2,
  "competition_stage" : {
    "id" : 10,
    "name" : "Group Stage"
  },
  "stadium" : {
    "id" : 4866,
    "name" : "Merkur Spiel-Arena",
    "country" : {
      "id" : 85,
      "name" : "Germany"
    }
  },
  "referee" : {
    "id" : 1,
    "name" : "Michael Oliver",
    "country" : {
      "id" : 68,
      "name" : "England"
    }
  }
}, {
  "match_id" : 3938642,
  "match_date" : "2024-06-22",
  "kick_off" : "16:00:00.000",
  "competition" : {
    "competition_id" : 55,
    "country_name" : "Europe",
    "competition_name" : "UEFA Euro"
  },
  "season" : {
    "season_id" : 282,
    "season_name" : "2024"
  },
  "home_team" : {
    "home_team_id" : 2138,
    "home_team_name" : "Georgia",
    "home_team_gender" : "male",
    "home_team_group" : null,
    "country" : {
      "id" : 84,
      "name" : "Georgia"
    },
    "managers" : [ {
      "id" : 752,
      "name" : "Willy Sagnol",
      "nickname" : null,
      "dob" : "1977-03-18",
      "country" : {
        "id" : 78,
        "name" : "France"
      }
    } ]
  },
  "away_team" : {
    "away_team_id" : 912,
    "away_team_name" : "Czech Republic",
    "away_team_gender" : "male",
    "away_team_group" : null,
    "country" : {
      "id" : 60,
      "name" : "Czech Republic"
    },
    "managers" : [ {
      "id" : 1000468,
      "name" : "Ivan Hašek",
      "nickname" : null,
      "dob" : "1963-09-06",
      "country" : {
        "id" : 60,
        "name" : "Czech Republic"
      }
    } ]
  },
  "home_score" : 1,
  "away_score" : 1,
  "match_status" : "available",
  "match_status_360" : "available",
  "last_updated" : "2024-07-09T12:50:20.740381",
  "last_updated_360" : "2024-07-09T12:53:31.025418",
  "metadata" : {
    "data_version" : "1.1.0",
    "shot_fidelity_version" : "2",
    "xy_fidelity_version" : "2"
  },
  "match_week" : 2,
  "competition_stage" : {
    "id" : 10,
    "name" : "Group Stage"
  },
  "stadium" : {
    "id" : 379,
    "name" : "Volksparkstadion",
    "country" : {
      "id" : 85,
      "name" : "Germany"
    }
  },
  "referee" : {
    "id" : 225,
    "name" : "Daniel Siebert",
    "country" : {
      "id" : 85,
      "name" : "Germany"
    }
  }
}, {
  "match_id" : 3938639,
  "match_date" : "2024-06-18",
  "kick_off" : "19:00:00.000",
  "competition" : {
    "competition_id" : 55,
    "country_name" : "Europe",
    "competition_name" : "UEFA Euro"
  },
  "season" : {
    "season_id" : 282,
    "season_name" : "2024"
  },
  "home_team" : {
    "home_team_id" : 909,
    "home_team_name" : "Turkey",
    "home_team_gender" : "male",
    "home_team_group" : null,
    "country" : {
      "id" : 233,
      "name" : "Turkey"
    },
    "managers" : [ {
      "id" : 232,
      "name" : "Vincenzo Montella",
      "nickname" : null,
      "dob" : "1974-06-18",
      "country" : {
        "id" : 112,
        "name" : "Italy"
      }
    } ]
  },
  "away_team" : {
    "away_team_id" : 2138,
    "away_team_name" : "Georgia",
    "away_team_gender" : "male",
    "away_team_group" : null,
    "country" : {
      "id" : 84,
      "name" : "Georgia"
    },
    "managers" : [ {
      "id" : 752,
      "name" : "Willy Sagnol",
      "nickname" : null,
      "dob" : "1977-03-18",
      "country" : {
        "id" : 78,
        "name" : "France"
      }
    } ]
  },
  "home_score" : 3,
  "away_score" : 1,
  "match_status" : "available",
  "match_status_360" : "available",
  "last_updated" : "2024-07-12T06:04:52.417134",
  "last_updated_360" : "2024-07-12T06:05:10.871017",
  "metadata" : {
    "data_version" : "1.1.0",
    "shot_fidelity_version" : "2",
    "xy_fidelity_version" : "2"
  },
  "match_week" : 1,
  "competition_stage" : {
    "id" : 10,
    "name" : "Group Stage"
  },
  "stadium" : {
    "id" : 373,
    "name" : "Signal-Iduna-Park",
    "country" : {
      "id" : 85,
      "name" : "Germany"
    }
  },
  "referee" : {
    "id" : 1094,
    "name" : "Facundo Tello Figueroa",
    "country" : {
      "id" : 11,
      "name" : "Argentina"
    }
  }
}, {
  "match_id" : 3938641,
  "match_date" : "2024-06-21",
  "kick_off" : "19:00:00.000",
  "competition" : {
    "competition_id" : 55,
    "country_name" : "Europe",
    "competition_name" : "UEFA Euro"
  },
  "season" : {
    "season_id" : 282,
    "season_name" : "2024"
  },
  "home_team" : {
    "home_team_id" : 789,
    "home_team_name" : "Poland",
    "home_team_gender" : "male",
    "home_team_group" : null,
    "country" : {
      "id" : 182,
      "name" : "Poland"
    },
    "managers" : [ {
      "id" : 363,
      "name" : "Michał Probierz",
      "nickname" : null,
      "dob" : "1972-09-24",
      "country" : {
        "id" : 182,
        "name" : "Poland"
      }
    } ]
  },
  "away_team" : {
    "away_team_id" : 915,
    "away_team_name" : "Austria",
    "away_team_gender" : "male",
    "away_team_group" : null,
    "country" : {
      "id" : 15,
      "name" : "Austria"
    },
    "managers" : [ {
      "id" : 380,
      "name" : "Ralf Rangnick",
      "nickname" : null,
      "dob" : "1958-06-29",
      "country" : {
        "id" : 85,
        "name" : "Germany"
      }
    } ]
  },
  "home_score" : 1,
  "away_score" : 3,
  "match_status" : "available",
  "match_status_360" : "available",
  "last_updated" : "2024-07-12T21:09:31.780785",
  "last_updated_360" : "2024-07-12T21:10:46.438024",
  "metadata" : {
    "data_version" : "1.1.0",
    "shot_fidelity_version" : "2",
    "xy_fidelity_version" : "2"
  },
  "match_week" : 2,
  "competition_stage" : {
    "id" : 10,
    "name" : "Group Stage"
  },
  "stadium" : {
    "id" : 367,
    "name" : "Olympiastadion Berlin",
    "country" : {
      "id" : 85,
      "name" : "Germany"
    }
  },
  "referee" : {
    "id" : 845,
    "name" : "Halil Umut Meler",
    "country" : {
      "id" : 233,
      "name" : "Turkey"
    }
  }
}, {
  "match_id" : 3938644,
  "match_date" : "2024-06-26",
  "kick_off" : "22:00:00.000",
  "competition" : {
    "competition_id" : 55,
    "country_name" : "Europe",
    "competition_name" : "UEFA Euro"
  },
  "season" : {
    "season_id" : 282,
    "season_name" : "2024"
  },
  "home_team" : {
    "home_team_id" : 2138,
    "home_team_name" : "Georgia",
    "home_team_gender" : "male",
    "home_team_group" : null,
    "country" : {
      "id" : 84,
      "name" : "Georgia"
    },
    "managers" : [ {
      "id" : 752,
      "name" : "Willy Sagnol",
      "nickname" : null,
      "dob" : "1977-03-18",
      "country" : {
        "id" : 78,
        "name" : "France"
      }
    } ]
  },
  "away_team" : {
    "away_team_id" : 780,
    "away_team_name" : "Portugal",
    "away_team_gender" : "male",
    "away_team_group" : null,
    "country" : {
      "id" : 183,
      "name" : "Portugal"
    },
    "managers" : [ {
      "id" : 263,
      "name" : "Roberto Martínez Montoliú",
      "nickname" : "Roberto Martínez",
      "dob" : "1973-07-13",
      "country" : {
        "id" : 214,
        "name" : "Spain"
      }
    } ]
  },
  "home_score" : 2,
  "away_score" : 0,
  "match_status" : "available",
  "match_status_360" : "available",
  "last_updated" : "2024-07-12T05:40:33.402849",
  "last_updated_360" : "2024-07-12T05:42:21.069872",
  "metadata" : {
    "data_version" : "1.1.0",
    "shot_fidelity_version" : "2",
    "xy_fidelity_version" : "2"
  },
  "match_week" : 3,
  "competition_stage" : {
    "id" : 10,
    "name" : "Group Stage"
  },
  "stadium" : {
    "id" : 370,
    "name" : "VELTINS-Arena",
    "country" : {
      "id" : 85,
      "name" : "Germany"
    }
  },
  "referee" : {
    "id" : 116,
    "name" : "Sandro Schärer",
    "country" : {
      "id" : 221,
      "name" : "Switzerland"
    }
  }
}, {
  "match_id" : 3938643,
  "match_date" : "2024-06-25",
  "kick_off" : "19:00:00.000",
  "competition" : {
    "competition_id" : 55,
    "country_name" : "Europe",
    "competition_name" : "UEFA Euro"
  },
  "season" : {
    "season_id" : 282,
    "season_name" : "2024"
  },
  "home_team" : {
    "home_team_id" : 771,
    "home_team_name" : "France",
    "home_team_gender" : "male",
    "home_team_group" : null,
    "country" : {
      "id" : 78,
      "name" : "France"
    },
    "managers" : [ {
      "id" : 545,
      "name" : "Didier Deschamps",
      "nickname" : null,
      "dob" : "1968-10-15",
      "country" : {
        "id" : 78,
        "name" : "France"
      }
    } ]
  },
  "away_team" : {
    "away_team_id" : 789,
    "away_team_name" : "Poland",
    "away_team_gender" : "male",
    "away_team_group" : null,
    "country" : {
      "id" : 182,
      "name" : "Poland"
    },
    "managers" : [ {
      "id" : 363,
      "name" : "Michał Probierz",
      "nickname" : null,
      "dob" : "1972-09-24",
      "country" : {
        "id" : 182,
        "name" : "Poland"
      }
    } ]
  },
  "home_score" : 1,
  "away_score" : 1,
  "match_status" : "available",
  "match_status_360" : "available",
  "last_updated" : "2024-07-12T06:05:55.170896",
  "last_updated_360" : "2024-07-12T06:08:47.869486",
  "metadata" : {
    "data_version" : "1.1.0",
    "shot_fidelity_version" : "2",
    "xy_fidelity_version" : "2"
  },
  "match_week" : 3,
  "competition_stage" : {
    "id" : 10,
    "name" : "Group Stage"
  },
  "stadium" : {
    "id" : 373,
    "name" : "Signal-Iduna-Park",
    "country" : {
      "id" : 85,
      "name" : "Germany"
    }
  },
  "referee" : {
    "id" : 261,
    "name" : "Marco Guida",
    "country" : {
      "id" : 112,
      "name" : "Italy"
    }
  }
}, {
  "match_id" : 3938638,
  "match_date" : "2024-06-17",
  "kick_off" : "16:00:00.000",
  "competition" : {
    "competition_id" : 55,
    "country_name" : "Europe",
    "competition_name" : "UEFA Euro"
  },
  "season" : {
    "season_id" : 282,
    "season_name" : "2024"
  },
  "home_team" : {
    "home_team_id" : 905,
    "home_team_name" : "Romania",
    "home_team_gender" : "male",
    "home_team_group" : null,
    "country" : {
      "id" : 187,
      "name" : "Romania"
    },
    "managers" : [ {
      "id" : 6237,
      "name" : "Edward Iordănescu",
      "nickname" : null,
      "dob" : "1978-06-16",
      "country" : {
        "id" : 187,
        "name" : "Romania"
      }
    } ]
  },
  "away_team" : {
    "away_team_id" : 911,
    "away_team_name" : "Ukraine",
    "away_team_gender" : "male",
    "away_team_group" : null,
    "country" : {
      "id" : 238,
      "name" : "Ukraine"
    },
    "managers" : [ {
      "id" : 2672,
      "name" : "Sergiy Rebrov",
      "nickname" : null,
      "dob" : "1974-06-03",
      "country" : {
        "id" : 238,
        "name" : "Ukraine"
      }
    } ]
  },
  "home_score" : 3,
  "away_score" : 0,
  "match_status" : "available",
  "match_status_360" : "available",
  "last_updated" : "2024-07-12T03:38:10.661840",
  "last_updated_360" : "2024-07-12T03:39:18.794242",
  "metadata" : {
    "data_version" : "1.1.0",
    "shot_fidelity_version" : "2",
    "xy_fidelity_version" : "2"
  },
  "match_week" : 1,
  "competition_stage" : {
    "id" : 10,
    "name" : "Group Stage"
  },
  "stadium" : {
    "id" : 4867,
    "name" : "Allianz Arena",
    "country" : {
      "id" : 85,
      "name" : "Germany"
    }
  },
  "referee" : {
    "id" : 1062,
    "name" : "Glenn Nyberg",
    "country" : {
      "id" : 220,
      "name" : "Sweden"
    }
  }
}, {
  "match_id" : 3930183,
  "match_date" : "2024-06-26",
  "kick_off" : "19:00:00.000",
  "competition" : {
    "competition_id" : 55,
    "country_name" : "Europe",
    "competition_name" : "UEFA Euro"
  },
  "season" : {
    "season_id" : 282,
    "season_name" : "2024"
  },
  "home_team" : {
    "home_team_id" : 908,
    "home_team_name" : "Slovakia",
    "home_team_gender" : "male",
    "home_team_group" : null,
    "country" : {
      "id" : 207,
      "name" : "Slovakia"
    },
    "managers" : [ {
      "id" : 1002171,
      "name" : "Francesco Calzona",
      "nickname" : null,
      "dob" : "1968-10-24",
      "country" : {
        "id" : 112,
        "name" : "Italy"
      }
    } ]
  },
  "away_team" : {
    "away_team_id" : 905,
    "away_team_name" : "Romania",
    "away_team_gender" : "male",
    "away_team_group" : null,
    "country" : {
      "id" : 187,
      "name" : "Romania"
    },
    "managers" : [ {
      "id" : 6237,
      "name" : "Edward Iordănescu",
      "nickname" : null,
      "dob" : "1978-06-16",
      "country" : {
        "id" : 187,
        "name" : "Romania"
      }
    } ]
  },
  "home_score" : 1,
  "away_score" : 1,
  "match_status" : "available",
  "match_status_360" : "available",
  "last_updated" : "2024-07-09T16:08:41.246995",
  "last_updated_360" : "2024-07-09T16:16:22.181617",
  "metadata" : {
    "data_version" : "1.1.0",
    "shot_fidelity_version" : "2",
    "xy_fidelity_version" : "2"
  },
  "match_week" : 3,
  "competition_stage" : {
    "id" : 10,
    "name" : "Group Stage"
  },
  "stadium" : {
    "id" : 116458,
    "name" : "Deutsche Bank Park",
    "country" : {
      "id" : 85,
      "name" : "Germany"
    }
  },
  "referee" : {
    "id" : 225,
    "name" : "Daniel Siebert",
    "country" : {
      "id" : 85,
      "name" : "Germany"
    }
  }
}, {
  "match_id" : 3930181,
  "match_date" : "2024-06-25",
  "kick_off" : "22:00:00.000",
  "competition" : {
    "competition_id" : 55,
    "country_name" : "Europe",
    "competition_name" : "UEFA Euro"
  },
  "season" : {
    "season_id" : 282,
    "season_name" : "2024"
  },
  "home_team" : {
    "home_team_id" : 768,
    "home_team_name" : "England",
    "home_team_gender" : "male",
    "home_team_group" : null,
    "country" : {
      "id" : 68,
      "name" : "England"
    },
    "managers" : [ {
      "id" : 277,
      "name" : "Gareth Southgate",
      "nickname" : null,
      "dob" : "1970-09-03",
      "country" : {
        "id" : 68,
        "name" : "England"
      }
    } ]
  },
  "away_team" : {
    "away_team_id" : 944,
    "away_team_name" : "Slovenia",
    "away_team_gender" : "male",
    "away_team_group" : null,
    "country" : {
      "id" : 208,
      "name" : "Slovenia"
    },
    "managers" : [ {
      "id" : 1733,
      "name" : "Matjaž Kek",
      "nickname" : null,
      "dob" : "1961-09-09",
      "country" : {
        "id" : 208,
        "name" : "Slovenia"
      }
    } ]
  },
  "home_score" : 0,
  "away_score" : 0,
  "match_status" : "available",
  "match_status_360" : "available",
  "last_updated" : "2024-07-10T14:26:49.966712",
  "last_updated_360" : "2024-07-10T14:27:59.561474",
  "metadata" : {
    "data_version" : "1.1.0",
    "shot_fidelity_version" : "2",
    "xy_fidelity_version" : "2"
  },
  "match_week" : 3,
  "competition_stage" : {
    "id" : 10,
    "name" : "Group Stage"
  },
  "stadium" : {
    "id" : 363,
    "name" : "RheinEnergieStadion",
    "country" : {
      "id" : 85,
      "name" : "Germany"
    }
  },
  "referee" : {
    "id" : 76,
    "name" : "Clément Turpin",
    "country" : {
      "id" : 78,
      "name" : "France"
    }
  }
}, {
  "match_id" : 3930178,
  "match_date" : "2024-06-24",
  "kick_off" : "22:00:00.000",
  "competition" : {
    "competition_id" : 55,
    "country_name" : "Europe",
    "competition_name" : "UEFA Euro"
  },
  "season" : {
    "season_id" : 282,
    "season_name" : "2024"
  },
  "home_team" : {
    "home_team_id" : 785,
    "home_team_name" : "Croatia",
    "home_team_gender" : "male",
    "home_team_group" : null,
    "country" : {
      "id" : 56,
      "name" : "Croatia"
    },
    "managers" : [ {
      "id" : 307,
      "name" : "Zlatko Dalić",
      "nickname" : null,
      "dob" : "1966-10-26",
      "country" : {
        "id" : 56,
        "name" : "Croatia"
      }
    } ]
  },
  "away_team" : {
    "away_team_id" : 914,
    "away_team_name" : "Italy",
    "away_team_gender" : "male",
    "away_team_group" : null,
    "country" : {
      "id" : 112,
      "name" : "Italy"
    },
    "managers" : [ {
      "id" : 399,
      "name" : "Luciano Spalletti",
      "nickname" : null,
      "dob" : "1959-03-07",
      "country" : {
        "id" : 112,
        "name" : "Italy"
      }
    } ]
  },
  "home_score" : 1,
  "away_score" : 1,
  "match_status" : "available",
  "match_status_360" : "available",
  "last_updated" : "2024-07-10T12:21:13.840986",
  "last_updated_360" : "2024-07-10T12:23:12.394850",
  "metadata" : {
    "data_version" : "1.1.0",
    "shot_fidelity_version" : "2",
    "xy_fidelity_version" : "2"
  },
  "match_week" : 3,
  "competition_stage" : {
    "id" : 10,
    "name" : "Group Stage"
  },
  "stadium" : {
    "id" : 376,
    "name" : "Red Bull Arena",
    "country" : {
      "id" : 85,
      "name" : "Germany"
    }
  },
  "referee" : {
    "id" : 293,
    "name" : "Danny Desmond Makkelie",
    "country" : {
      "id" : 160,
      "name" : "Netherlands"
    }
  }
}, {
  "match_id" : 3930176,
  "match_date" : "2024-06-23",
  "kick_off" : "22:00:00.000",
  "competition" : {
    "competition_id" : 55,
    "country_name" : "Europe",
    "competition_name" : "UEFA Euro"
  },
  "season" : {
    "season_id" : 282,
    "season_name" : "2024"
  },
  "home_team" : {
    "home_team_id" : 773,
    "home_team_name" : "Switzerland",
    "home_team_gender" : "male",
    "home_team_group" : null,
    "country" : {
      "id" : 221,
      "name" : "Switzerland"
    },
    "managers" : [ {
      "id" : 2832,
      "name" : "Murat Yakin",
      "nickname" : null,
      "dob" : "1974-09-15",
      "country" : {
        "id" : 221,
        "name" : "Switzerland"
      }
    } ]
  },
  "away_team" : {
    "away_team_id" : 770,
    "away_team_name" : "Germany",
    "away_team_gender" : "male",
    "away_team_group" : null,
    "country" : {
      "id" : 85,
      "name" : "Germany"
    },
    "managers" : [ {
      "id" : 445,
      "name" : "Julian Nagelsmann",
      "nickname" : null,
      "dob" : "1987-07-23",
      "country" : {
        "id" : 85,
        "name" : "Germany"
      }
    } ]
  },
  "home_score" : 1,
  "away_score" : 1,
  "match_status" : "available",
  "match_status_360" : "available",
  "last_updated" : "2024-07-13T21:41:00.247826",
  "last_updated_360" : "2024-07-13T21:41:29.142800",
  "metadata" : {
    "data_version" : "1.1.0",
    "shot_fidelity_version" : "2",
    "xy_fidelity_version" : "2"
  },
  "match_week" : 3,
  "competition_stage" : {
    "id" : 10,
    "name" : "Group Stage"
  },
  "stadium" : {
    "id" : 116458,
    "name" : "Deutsche Bank Park",
    "country" : {
      "id" : 85,
      "name" : "Germany"
    }
  },
  "referee" : {
    "id" : 269,
    "name" : "Daniele Orsato",
    "country" : {
      "id" : 112,
      "name" : "Italy"
    }
  }
}, {
  "match_id" : 3930175,
  "match_date" : "2024-06-22",
  "kick_off" : "22:00:00.000",
  "competition" : {
    "competition_id" : 55,
    "country_name" : "Europe",
    "competition_name" : "UEFA Euro"
  },
  "season" : {
    "season_id" : 282,
    "season_name" : "2024"
  },
  "home_team" : {
    "home_team_id" : 782,
    "home_team_name" : "Belgium",
    "home_team_gender" : "male",
    "home_team_group" : null,
    "country" : {
      "id" : 22,
      "name" : "Belgium"
    },
    "managers" : [ {
      "id" : 48,
      "name" : "Domenico Tedesco",
      "nickname" : null,
      "dob" : "1985-09-12",
      "country" : {
        "id" : 85,
        "name" : "Germany"
      }
    } ]
  },
  "away_team" : {
    "away_team_id" : 905,
    "away_team_name" : "Romania",
    "away_team_gender" : "male",
    "away_team_group" : null,
    "country" : {
      "id" : 187,
      "name" : "Romania"
    },
    "managers" : [ {
      "id" : 6237,
      "name" : "Edward Iordănescu",
      "nickname" : null,
      "dob" : "1978-06-16",
      "country" : {
        "id" : 187,
        "name" : "Romania"
      }
    } ]
  },
  "home_score" : 2,
  "away_score" : 0,
  "match_status" : "available",
  "match_status_360" : "available",
  "last_updated" : "2024-07-09T15:12:57.012326",
  "last_updated_360" : "2024-07-09T15:13:58.718506",
  "metadata" : {
    "data_version" : "1.1.0",
    "shot_fidelity_version" : "2",
    "xy_fidelity_version" : "2"
  },
  "match_week" : 2,
  "competition_stage" : {
    "id" : 10,
    "name" : "Group Stage"
  },
  "stadium" : {
    "id" : 363,
    "name" : "RheinEnergieStadion",
    "country" : {
      "id" : 85,
      "name" : "Germany"
    }
  },
  "referee" : {
    "id" : 367,
    "name" : "Szymon Marciniak",
    "country" : {
      "id" : 182,
      "name" : "Poland"
    }
  }
}, {
  "match_id" : 3930174,
  "match_date" : "2024-06-22",
  "kick_off" : "19:00:00.000",
  "competition" : {
    "competition_id" : 55,
    "country_name" : "Europe",
    "competition_name" : "UEFA Euro"
  },
  "season" : {
    "season_id" : 282,
    "season_name" : "2024"
  },
  "home_team" : {
    "home_team_id" : 909,
    "home_team_name" : "Turkey",
    "home_team_gender" : "male",
    "home_team_group" : null,
    "country" : {
      "id" : 233,
      "name" : "Turkey"
    },
    "managers" : [ {
      "id" : 232,
      "name" : "Vincenzo Montella",
      "nickname" : null,
      "dob" : "1974-06-18",
      "country" : {
        "id" : 112,
        "name" : "Italy"
      }
    } ]
  },
  "away_team" : {
    "away_team_id" : 780,
    "away_team_name" : "Portugal",
    "away_team_gender" : "male",
    "away_team_group" : null,
    "country" : {
      "id" : 183,
      "name" : "Portugal"
    },
    "managers" : [ {
      "id" : 263,
      "name" : "Roberto Martínez Montoliú",
      "nickname" : "Roberto Martínez",
      "dob" : "1973-07-13",
      "country" : {
        "id" : 214,
        "name" : "Spain"
      }
    } ]
  },
  "home_score" : 0,
  "away_score" : 3,
  "match_status" : "available",
  "match_status_360" : "available",
  "last_updated" : "2024-07-11T16:39:20.496235",
  "last_updated_360" : "2024-07-11T16:43:45.852125",
  "metadata" : {
    "data_version" : "1.1.0",
    "shot_fidelity_version" : "2",
    "xy_fidelity_version" : "2"
  },
  "match_week" : 2,
  "competition_stage" : {
    "id" : 10,
    "name" : "Group Stage"
  },
  "stadium" : {
    "id" : 373,
    "name" : "Signal-Iduna-Park",
    "country" : {
      "id" : 85,
      "name" : "Germany"
    }
  },
  "referee" : {
    "id" : 241,
    "name" : "Felix Zwayer",
    "country" : {
      "id" : 85,
      "name" : "Germany"
    }
  }
}, {
  "match_id" : 3930170,
  "match_date" : "2024-06-20",
  "kick_off" : "16:00:00.000",
  "competition" : {
    "competition_id" : 55,
    "country_name" : "Europe",
    "competition_name" : "UEFA Euro"
  },
  "season" : {
    "season_id" : 282,
    "season_name" : "2024"
  },
  "home_team" : {
    "home_team_id" : 944,
    "home_team_name" : "Slovenia",
    "home_team_gender" : "male",
    "home_team_group" : null,
    "country" : {
      "id" : 208,
      "name" : "Slovenia"
    },
    "managers" : [ {
      "id" : 1733,
      "name" : "Matjaž Kek",
      "nickname" : null,
      "dob" : "1961-09-09",
      "country" : {
        "id" : 208,
        "name" : "Slovenia"
      }
    } ]
  },
  "away_team" : {
    "away_team_id" : 786,
    "away_team_name" : "Serbia",
    "away_team_gender" : "male",
    "away_team_group" : null,
    "country" : {
      "id" : 203,
      "name" : "Serbia"
    },
    "managers" : [ {
      "id" : 5908,
      "name" : "Dragan Stojković",
      "nickname" : null,
      "dob" : "1965-03-03",
      "country" : {
        "id" : 203,
        "name" : "Serbia"
      }
    } ]
  },
  "home_score" : 1,
  "away_score" : 1,
  "match_status" : "available",
  "match_status_360" : "available",
  "last_updated" : "2024-07-12T18:51:51.416868",
  "last_updated_360" : "2024-07-12T18:53:31.866826",
  "metadata" : {
    "data_version" : "1.1.0",
    "shot_fidelity_version" : "2",
    "xy_fidelity_version" : "2"
  },
  "match_week" : 2,
  "competition_stage" : {
    "id" : 10,
    "name" : "Group Stage"
  },
  "stadium" : {
    "id" : 4867,
    "name" : "Allianz Arena",
    "country" : {
      "id" : 85,
      "name" : "Germany"
    }
  },
  "referee" : {
    "id" : 1011397,
    "name" : "István Kovács",
    "country" : {
      "id" : 187,
      "name" : "Romania"
    }
  }
}, {
  "match_id" : 3930169,
  "match_date" : "2024-06-19",
  "kick_off" : "22:00:00.000",
  "competition" : {
    "competition_id" : 55,
    "country_name" : "Europe",
    "competition_name" : "UEFA Euro"
  },
  "season" : {
    "season_id" : 282,
    "season_name" : "2024"
  },
  "home_team" : {
    "home_team_id" : 942,
    "home_team_name" : "Scotland",
    "home_team_gender" : "male",
    "home_team_group" : null,
    "country" : {
      "id" : 201,
      "name" : "Scotland"
    },
    "managers" : [ {
      "id" : 510,
      "name" : "Steve Clarke",
      "nickname" : null,
      "dob" : "1963-08-29",
      "country" : {
        "id" : 201,
        "name" : "Scotland"
      }
    } ]
  },
  "away_team" : {
    "away_team_id" : 773,
    "away_team_name" : "Switzerland",
    "away_team_gender" : "male",
    "away_team_group" : null,
    "country" : {
      "id" : 221,
      "name" : "Switzerland"
    },
    "managers" : [ {
      "id" : 2832,
      "name" : "Murat Yakin",
      "nickname" : null,
      "dob" : "1974-09-15",
      "country" : {
        "id" : 221,
        "name" : "Switzerland"
      }
    } ]
  },
  "home_score" : 1,
  "away_score" : 1,
  "match_status" : "available",
  "match_status_360" : "available",
  "last_updated" : "2024-07-13T23:57:40.464361",
  "last_updated_360" : "2024-07-14T00:02:35.662811",
  "metadata" : {
    "data_version" : "1.1.0",
    "shot_fidelity_version" : "2",
    "xy_fidelity_version" : "2"
  },
  "match_week" : 2,
  "competition_stage" : {
    "id" : 10,
    "name" : "Group Stage"
  },
  "stadium" : {
    "id" : 363,
    "name" : "RheinEnergieStadion",
    "country" : {
      "id" : 85,
      "name" : "Germany"
    }
  },
  "referee" : {
    "id" : 941,
    "name" : "Ivan Kružliak",
    "country" : {
      "id" : 207,
      "name" : "Slovakia"
    }
  }
}, {
  "match_id" : 3930166,
  "match_date" : "2024-06-18",
  "kick_off" : "22:00:00.000",
  "competition" : {
    "competition_id" : 55,
    "country_name" : "Europe",
    "competition_name" : "UEFA Euro"
  },
  "season" : {
    "season_id" : 282,
    "season_name" : "2024"
  },
  "home_team" : {
    "home_team_id" : 780,
    "home_team_name" : "Portugal",
    "home_team_gender" : "male",
    "home_team_group" : null,
    "country" : {
      "id" : 183,
      "name" : "Portugal"
    },
    "managers" : [ {
      "id" : 263,
      "name" : "Roberto Martínez Montoliú",
      "nickname" : "Roberto Martínez",
      "dob" : "1973-07-13",
      "country" : {
        "id" : 214,
        "name" : "Spain"
      }
    } ]
  },
  "away_team" : {
    "away_team_id" : 912,
    "away_team_name" : "Czech Republic",
    "away_team_gender" : "male",
    "away_team_group" : null,
    "country" : {
      "id" : 60,
      "name" : "Czech Republic"
    },
    "managers" : [ {
      "id" : 1000468,
      "name" : "Ivan Hašek",
      "nickname" : null,
      "dob" : "1963-09-06",
      "country" : {
        "id" : 60,
        "name" : "Czech Republic"
      }
    } ]
  },
  "home_score" : 2,
  "away_score" : 1,
  "match_status" : "available",
  "match_status_360" : "available",
  "last_updated" : "2024-07-10T14:53:09.929031",
  "last_updated_360" : "2024-07-10T14:54:55.319751",
  "metadata" : {
    "data_version" : "1.1.0",
    "shot_fidelity_version" : "2",
    "xy_fidelity_version" : "2"
  },
  "match_week" : 1,
  "competition_stage" : {
    "id" : 10,
    "name" : "Group Stage"
  },
  "stadium" : {
    "id" : 376,
    "name" : "Red Bull Arena",
    "country" : {
      "id" : 85,
      "name" : "Germany"
    }
  },
  "referee" : {
    "id" : 261,
    "name" : "Marco Guida",
    "country" : {
      "id" : 112,
      "name" : "Italy"
    }
  }
}, {
  "match_id" : 3930163,
  "match_date" : "2024-06-16",
  "kick_off" : "22:00:00.000",
  "competition" : {
    "competition_id" : 55,
    "country_name" : "Europe",
    "competition_name" : "UEFA Euro"
  },
  "season" : {
    "season_id" : 282,
    "season_name" : "2024"
  },
  "home_team" : {
    "home_team_id" : 786,
    "home_team_name" : "Serbia",
    "home_team_gender" : "male",
    "home_team_group" : null,
    "country" : {
      "id" : 203,
      "name" : "Serbia"
    },
    "managers" : [ {
      "id" : 5908,
      "name" : "Dragan Stojković",
      "nickname" : null,
      "dob" : "1965-03-03",
      "country" : {
        "id" : 203,
        "name" : "Serbia"
      }
    } ]
  },
  "away_team" : {
    "away_team_id" : 768,
    "away_team_name" : "England",
    "away_team_gender" : "male",
    "away_team_group" : null,
    "country" : {
      "id" : 68,
      "name" : "England"
    },
    "managers" : [ {
      "id" : 277,
      "name" : "Gareth Southgate",
      "nickname" : null,
      "dob" : "1970-09-03",
      "country" : {
        "id" : 68,
        "name" : "England"
      }
    } ]
  },
  "home_score" : 0,
  "away_score" : 1,
  "match_status" : "available",
  "match_status_360" : "available",
  "last_updated" : "2024-07-14T07:08:44.634374",
  "last_updated_360" : "2024-07-14T07:10:41.937955",
  "metadata" : {
    "data_version" : "1.1.0",
    "shot_fidelity_version" : "2",
    "xy_fidelity_version" : "2"
  },
  "match_week" : 1,
  "competition_stage" : {
    "id" : 10,
    "name" : "Group Stage"
  },
  "stadium" : {
    "id" : 370,
    "name" : "VELTINS-Arena",
    "country" : {
      "id" : 85,
      "name" : "Germany"
    }
  },
  "referee" : {
    "id" : 269,
    "name" : "Daniele Orsato",
    "country" : {
      "id" : 112,
      "name" : "Italy"
    }
  }
}, {
  "match_id" : 3930162,
  "match_date" : "2024-06-16",
  "kick_off" : "19:00:00.000",
  "competition" : {
    "competition_id" : 55,
    "country_name" : "Europe",
    "competition_name" : "UEFA Euro"
  },
  "season" : {
    "season_id" : 282,
    "season_name" : "2024"
  },
  "home_team" : {
    "home_team_id" : 944,
    "home_team_name" : "Slovenia",
    "home_team_gender" : "male",
    "home_team_group" : null,
    "country" : {
      "id" : 208,
      "name" : "Slovenia"
    },
    "managers" : [ {
      "id" : 1733,
      "name" : "Matjaž Kek",
      "nickname" : null,
      "dob" : "1961-09-09",
      "country" : {
        "id" : 208,
        "name" : "Slovenia"
      }
    } ]
  },
  "away_team" : {
    "away_team_id" : 776,
    "away_team_name" : "Denmark",
    "away_team_gender" : "male",
    "away_team_group" : null,
    "country" : {
      "id" : 61,
      "name" : "Denmark"
    },
    "managers" : [ {
      "id" : 255,
      "name" : "Kasper Hjulmand",
      "nickname" : null,
      "dob" : "1972-04-09",
      "country" : {
        "id" : 61,
        "name" : "Denmark"
      }
    } ]
  },
  "home_score" : 1,
  "away_score" : 1,
  "match_status" : "available",
  "match_status_360" : "available",
  "last_updated" : "2024-07-10T16:07:00.970746",
  "last_updated_360" : "2024-07-10T16:09:27.468163",
  "metadata" : {
    "data_version" : "1.1.0",
    "shot_fidelity_version" : "2",
    "xy_fidelity_version" : "2"
  },
  "match_week" : 1,
  "competition_stage" : {
    "id" : 10,
    "name" : "Group Stage"
  },
  "stadium" : {
    "id" : 369,
    "name" : "MHPArena",
    "country" : {
      "id" : 85,
      "name" : "Germany"
    }
  },
  "referee" : {
    "id" : 116,
    "name" : "Sandro Schärer",
    "country" : {
      "id" : 221,
      "name" : "Switzerland"
    }
  }
}, {
  "match_id" : 3930160,
  "match_date" : "2024-06-15",
  "kick_off" : "19:00:00.000",
  "competition" : {
    "competition_id" : 55,
    "country_name" : "Europe",
    "competition_name" : "UEFA Euro"
  },
  "season" : {
    "season_id" : 282,
    "season_name" : "2024"
  },
  "home_team" : {
    "home_team_id" : 772,
    "home_team_name" : "Spain",
    "home_team_gender" : "male",
    "home_team_group" : null,
    "country" : {
      "id" : 214,
      "name" : "Spain"
    },
    "managers" : [ {
      "id" : 5588,
      "name" : "Luis de la Fuente Castillo",
      "nickname" : "Luis de la Fuente",
      "dob" : "1961-06-21",
      "country" : {
        "id" : 214,
        "name" : "Spain"
      }
    } ]
  },
  "away_team" : {
    "away_team_id" : 785,
    "away_team_name" : "Croatia",
    "away_team_gender" : "male",
    "away_team_group" : null,
    "country" : {
      "id" : 56,
      "name" : "Croatia"
    },
    "managers" : [ {
      "id" : 307,
      "name" : "Zlatko Dalić",
      "nickname" : null,
      "dob" : "1966-10-26",
      "country" : {
        "id" : 56,
        "name" : "Croatia"
      }
    } ]
  },
  "home_score" : 3,
  "away_score" : 0,
  "match_status" : "available",
  "match_status_360" : "available",
  "last_updated" : "2024-07-12T03:36:29.899268",
  "last_updated_360" : "2024-07-12T03:40:20.513429",
  "metadata" : {
    "data_version" : "1.1.0",
    "shot_fidelity_version" : "2",
    "xy_fidelity_version" : "2"
  },
  "match_week" : 1,
  "competition_stage" : {
    "id" : 10,
    "name" : "Group Stage"
  },
  "stadium" : {
    "id" : 367,
    "name" : "Olympiastadion Berlin",
    "country" : {
      "id" : 85,
      "name" : "Germany"
    }
  },
  "referee" : {
    "id" : 1,
    "name" : "Michael Oliver",
    "country" : {
      "id" : 68,
      "name" : "England"
    }
  }
}, {
  "match_id" : 3930159,
  "match_date" : "2024-06-15",
  "kick_off" : "16:00:00.000",
  "competition" : {
    "competition_id" : 55,
    "country_name" : "Europe",
    "competition_name" : "UEFA Euro"
  },
  "season" : {
    "season_id" : 282,
    "season_name" : "2024"
  },
  "home_team" : {
    "home_team_id" : 916,
    "home_team_name" : "Hungary",
    "home_team_gender" : "male",
    "home_team_group" : null,
    "country" : {
      "id" : 103,
      "name" : "Hungary"
    },
    "managers" : [ {
      "id" : 3616,
      "name" : "Marco Rossi",
      "nickname" : null,
      "dob" : "1964-09-09",
      "country" : {
        "id" : 112,
        "name" : "Italy"
      }
    } ]
  },
  "away_team" : {
    "away_team_id" : 773,
    "away_team_name" : "Switzerland",
    "away_team_gender" : "male",
    "away_team_group" : null,
    "country" : {
      "id" : 221,
      "name" : "Switzerland"
    },
    "managers" : [ {
      "id" : 2832,
      "name" : "Murat Yakin",
      "nickname" : null,
      "dob" : "1974-09-15",
      "country" : {
        "id" : 221,
        "name" : "Switzerland"
      }
    } ]
  },
  "home_score" : 1,
  "away_score" : 3,
  "match_status" : "available",
  "match_status_360" : "available",
  "last_updated" : "2024-07-10T13:33:58.630908",
  "last_updated_360" : "2024-07-10T13:35:35.263551",
  "metadata" : {
    "data_version" : "1.1.0",
    "shot_fidelity_version" : "2",
    "xy_fidelity_version" : "2"
  },
  "match_week" : 1,
  "competition_stage" : {
    "id" : 10,
    "name" : "Group Stage"
  },
  "stadium" : {
    "id" : 363,
    "name" : "RheinEnergieStadion",
    "country" : {
      "id" : 85,
      "name" : "Germany"
    }
  },
  "referee" : {
    "id" : 943,
    "name" : "Slavko Vinčić",
    "country" : {
      "id" : 208,
      "name" : "Slovenia"
    }
  }
}, {
  "match_id" : 3930158,
  "match_date" : "2024-06-14",
  "kick_off" : "22:00:00.000",
  "competition" : {
    "competition_id" : 55,
    "country_name" : "Europe",
    "competition_name" : "UEFA Euro"
  },
  "season" : {
    "season_id" : 282,
    "season_name" : "2024"
  },
  "home_team" : {
    "home_team_id" : 770,
    "home_team_name" : "Germany",
    "home_team_gender" : "male",
    "home_team_group" : null,
    "country" : {
      "id" : 85,
      "name" : "Germany"
    },
    "managers" : [ {
      "id" : 445,
      "name" : "Julian Nagelsmann",
      "nickname" : null,
      "dob" : "1987-07-23",
      "country" : {
        "id" : 85,
        "name" : "Germany"
      }
    } ]
  },
  "away_team" : {
    "away_team_id" : 942,
    "away_team_name" : "Scotland",
    "away_team_gender" : "male",
    "away_team_group" : null,
    "country" : {
      "id" : 201,
      "name" : "Scotland"
    },
    "managers" : [ {
      "id" : 510,
      "name" : "Steve Clarke",
      "nickname" : null,
      "dob" : "1963-08-29",
      "country" : {
        "id" : 201,
        "name" : "Scotland"
      }
    } ]
  },
  "home_score" : 5,
  "away_score" : 1,
  "match_status" : "available",
  "match_status_360" : "available",
  "last_updated" : "2024-07-04T08:11:49.443397",
  "last_updated_360" : "2024-07-04T08:13:19.028344",
  "metadata" : {
    "data_version" : "1.1.0",
    "shot_fidelity_version" : "2",
    "xy_fidelity_version" : "2"
  },
  "match_week" : 1,
  "competition_stage" : {
    "id" : 10,
    "name" : "Group Stage"
  },
  "stadium" : {
    "id" : 4867,
    "name" : "Allianz Arena",
    "country" : {
      "id" : 85,
      "name" : "Germany"
    }
  },
  "referee" : {
    "id" : 76,
    "name" : "Clément Turpin",
    "country" : {
      "id" : 78,
      "name" : "France"
    }
  }
} ]