[ {
  "team_id" : 772,
  "team_name" : "Spain",
  "lineup" : [ {
    "player_id" : 3042,
    "player_name" : "Mikel Merino Zazón",
    "player_nickname" : "Mikel Merino",
    "jersey_number" : 6,
    "country" : {
      "id" : 214,
      "name" : "Spain"
    },
    "cards" : [ ],
    "positions" : [ {
      "position_id" : 11,
      "position" : "Left Defensive Midfield",
      "from" : "00:00",
      "to" : null,
      "from_period" : 1,
      "to_period" : null,
      "start_reason" : "Starting XI",
      "end_reason" : "Final Whistle"
    } ]
  }, {
    "player_id" : 3265,
    "player_name" : "José Luis Sanmartín Mato",
    "player_nickname" : "Joselu",
    "jersey_number" : 9,
    "country" : {
      "id" : 214,
      "name" : "Spain"
    },
    "cards" : [ ],
    "positions" : [ {
      "position_id" : 23,
      "position" : "Center Forward",
      "from" : "00:00",
      "to" : "70:48",
      "from_period" : 1,
      "to_period" : 2,
      "start_reason" : "Starting XI",
      "end_reason" : "Substitution - Off (Tactical)"
    } ]
  }, {
    "player_id" : 3477,
    "player_name" : "Álvaro Borja Morata Martín",
    "player_nickname" : "Álvaro Morata",
    "jersey_number" : 7,
    "country" : {
      "id" : 214,
      "name" : "Spain"
    },
    "cards" : [ ],
    "positions" : [ {
      "position_id" : 23,
      "position" : "Center Forward",
      "from" : "70:48",
      "to" : null,
      "from_period" : 2,
      "to_period" : null,
      "start_reason" : "Substitution - On (Tactical)",
      "end_reason" : "Final Whistle"
    } ]
  }, {
    "player_id" : 4127,
    "player_name" : "David Raya Martin",
    "player_nickname" : "David Raya",
    "jersey_number" : 1,
    "country" : {
      "id" : 214,
      "name" : "Spain"
    },
    "cards" : [ ],
    "positions" : [ {
      "position_id" : 1,
      "position" : "Goalkeeper",
      "from" : "00:00",
      "to" : null,
      "from_period" : 1,
      "to_period" : null,
      "start_reason" : "Starting XI",
      "end_reason" : "Final Whistle"
    } ]
  }, {
    "player_id" : 4353,
    "player_name" : "Aymeric Laporte",
    "player_nickname" : null,
    "jersey_number" : 14,
    "country" : {
      "id" : 214,
      "name" : "Spain"
    },
    "cards" : [ ],
    "positions" : [ {
      "position_id" : 5,
      "position" : "Left Center Back",
      "from" : "00:00",
      "to" : "45:00",
      "from_period" : 1,
      "to_period" : 2,
      "start_reason" : "Starting XI",
      "end_reason" : "Substitution - Off (Tactical)"
    } ]
  }, {
    "player_id" : 5721,
    "player_name" : "Daniel Carvajal Ramos",
    "player_nickname" : "Daniel Carvajal",
    "jersey_number" : 2,
    "country" : {
      "id" : 214,
      "name" : "Spain"
    },
    "cards" : [ ],
    "positions" : [ ]
  }, {
    "player_id" : 6655,
    "player_name" : "Fabián Ruiz Peña",
    "player_nickname" : "Fabián Ruiz",
    "jersey_number" : 8,
    "country" : {
      "id" : 214,
      "name" : "Spain"
    },
    "cards" : [ ],
    "positions" : [ ]
  }, {
    "player_id" : 6685,
    "player_name" : "Mikel Oyarzabal Ugarte",
    "player_nickname" : "Mikel Oyarzabal",
    "jersey_number" : 21,
    "country" : {
      "id" : 214,
      "name" : "Spain"
    },
    "cards" : [ ],
    "positions" : [ {
      "position_id" : 21,
      "position" : "Left Wing",
      "from" : "00:00",
      "to" : "61:13",
      "from_period" : 1,
      "to_period" : 2,
      "start_reason" : "Starting XI",
      "end_reason" : "Substitution - Off (Tactical)"
    } ]
  }, {
    "player_id" : 6748,
    "player_name" : "Ferrán Torres García",
    "player_nickname" : "Ferrán Torres",
    "jersey_number" : 11,
    "country" : {
      "id" : 214,
      "name" : "Spain"
    },
    "cards" : [ ],
    "positions" : [ {
      "position_id" : 17,
      "position" : "Right Wing",
      "from" : "00:00",
      "to" : "70:41",
      "from_period" : 1,
      "to_period" : 2,
      "start_reason" : "Starting XI",
      "end_reason" : "Substitution - Off (Tactical)"
    } ]
  }, {
    "player_id" : 6821,
    "player_name" : "Jesús Navas González",
    "player_nickname" : "Jesús Navas",
    "jersey_number" : 22,
    "country" : {
      "id" : 214,
      "name" : "Spain"
    },
    "cards" : [ ],
    "positions" : [ {
      "position_id" : 2,
      "position" : "Right Back",
      "from" : "00:00",
      "to" : null,
      "from_period" : 1,
      "to_period" : null,
      "start_reason" : "Starting XI",
      "end_reason" : "Final Whistle"
    } ]
  }, {
    "player_id" : 10336,
    "player_name" : "Alejandro Grimaldo García",
    "player_nickname" : "Álex Grimaldo",
    "jersey_number" : 12,
    "country" : {
      "id" : 214,
      "name" : "Spain"
    },
    "cards" : [ ],
    "positions" : [ {
      "position_id" : 6,
      "position" : "Left Back",
      "from" : "00:00",
      "to" : null,
      "from_period" : 1,
      "to_period" : null,
      "start_reason" : "Starting XI",
      "end_reason" : "Final Whistle"
    } ]
  }, {
    "player_id" : 11748,
    "player_name" : "Unai Simón Mendibil",
    "player_nickname" : "Unai Simón",
    "jersey_number" : 23,
    "country" : {
      "id" : 214,
      "name" : "Spain"
    },
    "cards" : [ ],
    "positions" : [ ]
  }, {
    "player_id" : 16532,
    "player_name" : "Daniel Olmo Carvajal",
    "player_nickname" : "Daniel Olmo",
    "jersey_number" : 10,
    "country" : {
      "id" : 214,
      "name" : "Spain"
    },
    "cards" : [ ],
    "positions" : [ {
      "position_id" : 19,
      "position" : "Center Attacking Midfield",
      "from" : "00:00",
      "to" : "61:50",
      "from_period" : 1,
      "to_period" : 2,
      "start_reason" : "Starting XI",
      "end_reason" : "Tactical Shift"
    }, {
      "position_id" : 21,
      "position" : "Left Wing",
      "from" : "61:50",
      "to" : "83:39",
      "from_period" : 2,
      "to_period" : 2,
      "start_reason" : "Tactical Shift",
      "end_reason" : "Substitution - Off (Tactical)"
    } ]
  }, {
    "player_id" : 17620,
    "player_name" : "Marc Cucurella Saseta",
    "player_nickname" : "Marc Cucurella",
    "jersey_number" : 24,
    "country" : {
      "id" : 214,
      "name" : "Spain"
    },
    "cards" : [ ],
    "positions" : [ ]
  }, {
    "player_id" : 22128,
    "player_name" : "Robin Aime Robert Le Normand",
    "player_nickname" : "Robin Le Normand",
    "jersey_number" : 3,
    "country" : {
      "id" : 214,
      "name" : "Spain"
    },
    "cards" : [ ],
    "positions" : [ {
      "position_id" : 5,
      "position" : "Left Center Back",
      "from" : "45:00",
      "to" : null,
      "from_period" : 2,
      "to_period" : null,
      "start_reason" : "Substitution - On (Tactical)",
      "end_reason" : "Final Whistle"
    } ]
  }, {
    "player_id" : 24921,
    "player_name" : "Martín Zubimendi Ibáñez",
    "player_nickname" : "Martín Zubimendi",
    "jersey_number" : 18,
    "country" : {
      "id" : 214,
      "name" : "Spain"
    },
    "cards" : [ ],
    "positions" : [ {
      "position_id" : 9,
      "position" : "Right Defensive Midfield",
      "from" : "00:00",
      "to" : null,
      "from_period" : 1,
      "to_period" : null,
      "start_reason" : "Starting XI",
      "end_reason" : "Final Whistle"
    } ]
  }, {
    "player_id" : 30486,
    "player_name" : "Pedro González López",
    "player_nickname" : "Pedri",
    "jersey_number" : 20,
    "country" : {
      "id" : 214,
      "name" : "Spain"
    },
    "cards" : [ ],
    "positions" : [ ]
  }, {
    "player_id" : 32185,
    "player_name" : "Alejandro Remiro Gargallo",
    "player_nickname" : "Álex Remiro",
    "jersey_number" : 13,
    "country" : {
      "id" : 214,
      "name" : "Spain"
    },
    "cards" : [ ],
    "positions" : [ ]
  }, {
    "player_id" : 41115,
    "player_name" : "Alejandro Baena Rodríguez",
    "player_nickname" : "Álex Baena",
    "jersey_number" : 15,
    "country" : {
      "id" : 214,
      "name" : "Spain"
    },
    "cards" : [ ],
    "positions" : [ {
      "position_id" : 21,
      "position" : "Left Wing",
      "from" : "83:39",
      "to" : null,
      "from_period" : 2,
      "to_period" : null,
      "start_reason" : "Substitution - On (Tactical)",
      "end_reason" : "Final Whistle"
    } ]
  }, {
    "player_id" : 41542,
    "player_name" : "Daniel Vivian Moreno",
    "player_nickname" : "Dani Vivian",
    "jersey_number" : 5,
    "country" : {
      "id" : 214,
      "name" : "Spain"
    },
    "cards" : [ {
      "time" : "89:43",
      "card_type" : "Yellow Card",
      "reason" : "Foul Committed",
      "period" : 2
    } ],
    "positions" : [ {
      "position_id" : 3,
      "position" : "Right Center Back",
      "from" : "00:00",
      "to" : null,
      "from_period" : 1,
      "to_period" : null,
      "start_reason" : "Starting XI",
      "end_reason" : "Final Whistle"
    } ]
  }, {
    "player_id" : 68574,
    "player_name" : "Nicholas Williams Arthuer",
    "player_nickname" : "Nico Williams",
    "jersey_number" : 17,
    "country" : {
      "id" : 214,
      "name" : "Spain"
    },
    "cards" : [ ],
    "positions" : [ ]
  }, {
    "player_id" : 143864,
    "player_name" : "Fermin Lopez Marin",
    "player_nickname" : "Fermín López",
    "jersey_number" : 25,
    "country" : {
      "id" : 214,
      "name" : "Spain"
    },
    "cards" : [ ],
    "positions" : [ {
      "position_id" : 21,
      "position" : "Left Wing",
      "from" : "61:13",
      "to" : "61:50",
      "from_period" : 2,
      "to_period" : 2,
      "start_reason" : "Substitution - On (Tactical)",
      "end_reason" : "Tactical Shift"
    }, {
      "position_id" : 19,
      "position" : "Center Attacking Midfield",
      "from" : "61:50",
      "to" : null,
      "from_period" : 2,
      "to_period" : null,
      "start_reason" : "Tactical Shift",
      "end_reason" : "Final Whistle"
    } ]
  }, {
    "player_id" : 316046,
    "player_name" : "Lamine Yamal Nasraoui Ebana",
    "player_nickname" : "Lamine Yamal",
    "jersey_number" : 19,
    "country" : {
      "id" : 214,
      "name" : "Spain"
    },
    "cards" : [ ],
    "positions" : [ {
      "position_id" : 17,
      "position" : "Right Wing",
      "from" : "70:41",
      "to" : null,
      "from_period" : 2,
      "to_period" : null,
      "start_reason" : "Substitution - On (Tactical)",
      "end_reason" : "Final Whistle"
    } ]
  } ]
}, {
  "team_id" : 906,
  "team_name" : "Albania",
  "lineup" : [ {
    "player_id" : 3378,
    "player_name" : "Iván Balliu Campeny",
    "player_nickname" : "Iván Balliu",
    "jersey_number" : 2,
    "country" : {
      "id" : 3,
      "name" : "Albania"
    },
    "cards" : [ ],
    "positions" : [ {
      "position_id" : 2,
      "position" : "Right Back",
      "from" : "00:00",
      "to" : null,
      "from_period" : 1,
      "to_period" : null,
      "start_reason" : "Starting XI",
      "end_reason" : "Final Whistle"
    } ]
  }, {
    "player_id" : 6991,
    "player_name" : "Etrit Berisha",
    "player_nickname" : null,
    "jersey_number" : 1,
    "country" : {
      "id" : 3,
      "name" : "Albania"
    },
    "cards" : [ ],
    "positions" : [ ]
  }, {
    "player_id" : 7031,
    "player_name" : "Elseid Hysaj",
    "player_nickname" : null,
    "jersey_number" : 4,
    "country" : {
      "id" : 3,
      "name" : "Albania"
    },
    "cards" : [ ],
    "positions" : [ ]
  }, {
    "player_id" : 7108,
    "player_name" : "Berat Djimsiti",
    "player_nickname" : null,
    "jersey_number" : 6,
    "country" : {
      "id" : 3,
      "name" : "Albania"
    },
    "cards" : [ ],
    "positions" : [ {
      "position_id" : 5,
      "position" : "Left Center Back",
      "from" : "00:00",
      "to" : null,
      "from_period" : 1,
      "to_period" : null,
      "start_reason" : "Starting XI",
      "end_reason" : "Final Whistle"
    } ]
  }, {
    "player_id" : 7531,
    "player_name" : "Qazim Laçi",
    "player_nickname" : null,
    "jersey_number" : 14,
    "country" : {
      "id" : 3,
      "name" : "Albania"
    },
    "cards" : [ ],
    "positions" : [ {
      "position_id" : 19,
      "position" : "Center Attacking Midfield",
      "from" : "00:00",
      "to" : "69:43",
      "from_period" : 1,
      "to_period" : 2,
      "start_reason" : "Starting XI",
      "end_reason" : "Substitution - Off (Tactical)"
    } ]
  }, {
    "player_id" : 7789,
    "player_name" : "Thomas Strakosha",
    "player_nickname" : null,
    "jersey_number" : 23,
    "country" : {
      "id" : 3,
      "name" : "Albania"
    },
    "cards" : [ ],
    "positions" : [ {
      "position_id" : 1,
      "position" : "Goalkeeper",
      "from" : "00:00",
      "to" : null,
      "from_period" : 1,
      "to_period" : null,
      "start_reason" : "Starting XI",
      "end_reason" : "Final Whistle"
    } ]
  }, {
    "player_id" : 8291,
    "player_name" : "Arlind Afrim Ajeti",
    "player_nickname" : null,
    "jersey_number" : 5,
    "country" : {
      "id" : 3,
      "name" : "Albania"
    },
    "cards" : [ ],
    "positions" : [ {
      "position_id" : 3,
      "position" : "Right Center Back",
      "from" : "00:00",
      "to" : null,
      "from_period" : 1,
      "to_period" : null,
      "start_reason" : "Starting XI",
      "end_reason" : "Final Whistle"
    } ]
  }, {
    "player_id" : 9893,
    "player_name" : "Klaus Gjasula",
    "player_nickname" : null,
    "jersey_number" : 8,
    "country" : {
      "id" : 3,
      "name" : "Albania"
    },
    "cards" : [ ],
    "positions" : [ ]
  }, {
    "player_id" : 10745,
    "player_name" : "Amir Abrashi",
    "player_nickname" : null,
    "jersey_number" : 22,
    "country" : {
      "id" : 3,
      "name" : "Albania"
    },
    "cards" : [ ],
    "positions" : [ ]
  }, {
    "player_id" : 23987,
    "player_name" : "Rey Manaj",
    "player_nickname" : null,
    "jersey_number" : 7,
    "country" : {
      "id" : 3,
      "name" : "Albania"
    },
    "cards" : [ ],
    "positions" : [ {
      "position_id" : 23,
      "position" : "Center Forward",
      "from" : "00:00",
      "to" : "58:04",
      "from_period" : 1,
      "to_period" : 2,
      "start_reason" : "Starting XI",
      "end_reason" : "Substitution - Off (Tactical)"
    } ]
  }, {
    "player_id" : 24438,
    "player_name" : "Ylber Ramadani",
    "player_nickname" : null,
    "jersey_number" : 20,
    "country" : {
      "id" : 3,
      "name" : "Albania"
    },
    "cards" : [ ],
    "positions" : [ {
      "position_id" : 9,
      "position" : "Right Defensive Midfield",
      "from" : "00:00",
      "to" : null,
      "from_period" : 1,
      "to_period" : null,
      "start_reason" : "Starting XI",
      "end_reason" : "Final Whistle"
    } ]
  }, {
    "player_id" : 29168,
    "player_name" : "Ardian Ismajli",
    "player_nickname" : null,
    "jersey_number" : 18,
    "country" : {
      "id" : 3,
      "name" : "Albania"
    },
    "cards" : [ ],
    "positions" : [ ]
  }, {
    "player_id" : 29531,
    "player_name" : "Taulant Sulejmanov",
    "player_nickname" : "Taulant Seferi",
    "jersey_number" : 15,
    "country" : {
      "id" : 3,
      "name" : "Albania"
    },
    "cards" : [ ],
    "positions" : [ ]
  }, {
    "player_id" : 30740,
    "player_name" : "Marash Kumbulla",
    "player_nickname" : null,
    "jersey_number" : 24,
    "country" : {
      "id" : 3,
      "name" : "Albania"
    },
    "cards" : [ ],
    "positions" : [ ]
  }, {
    "player_id" : 32030,
    "player_name" : "Nedim Bajrami",
    "player_nickname" : null,
    "jersey_number" : 10,
    "country" : {
      "id" : 3,
      "name" : "Albania"
    },
    "cards" : [ {
      "time" : "65:32",
      "card_type" : "Yellow Card",
      "reason" : "Foul Committed",
      "period" : 2
    } ],
    "positions" : [ {
      "position_id" : 21,
      "position" : "Left Wing",
      "from" : "00:00",
      "to" : "69:51",
      "from_period" : 1,
      "to_period" : 2,
      "start_reason" : "Starting XI",
      "end_reason" : "Substitution - Off (Tactical)"
    } ]
  }, {
    "player_id" : 32691,
    "player_name" : "Elhan Kastrati",
    "player_nickname" : null,
    "jersey_number" : 12,
    "country" : {
      "id" : 3,
      "name" : "Albania"
    },
    "cards" : [ ],
    "positions" : [ ]
  }, {
    "player_id" : 36885,
    "player_name" : "Armando Broja",
    "player_nickname" : null,
    "jersey_number" : 11,
    "country" : {
      "id" : 3,
      "name" : "Albania"
    },
    "cards" : [ ],
    "positions" : [ {
      "position_id" : 23,
      "position" : "Center Forward",
      "from" : "58:04",
      "to" : null,
      "from_period" : 2,
      "to_period" : null,
      "start_reason" : "Substitution - On (Tactical)",
      "end_reason" : "Final Whistle"
    } ]
  }, {
    "player_id" : 37066,
    "player_name" : "Enea Mihaj",
    "player_nickname" : null,
    "jersey_number" : 13,
    "country" : {
      "id" : 3,
      "name" : "Albania"
    },
    "cards" : [ ],
    "positions" : [ ]
  }, {
    "player_id" : 41186,
    "player_name" : "Jasir Asani",
    "player_nickname" : null,
    "jersey_number" : 9,
    "country" : {
      "id" : 3,
      "name" : "Albania"
    },
    "cards" : [ ],
    "positions" : [ {
      "position_id" : 17,
      "position" : "Right Wing",
      "from" : "00:00",
      "to" : "80:57",
      "from_period" : 1,
      "to_period" : 2,
      "start_reason" : "Starting XI",
      "end_reason" : "Substitution - Off (Tactical)"
    } ]
  }, {
    "player_id" : 43105,
    "player_name" : "Naser Aliji",
    "player_nickname" : null,
    "jersey_number" : 25,
    "country" : {
      "id" : 3,
      "name" : "Albania"
    },
    "cards" : [ ],
    "positions" : [ ]
  }, {
    "player_id" : 49097,
    "player_name" : "Mario Mitaj",
    "player_nickname" : null,
    "jersey_number" : 3,
    "country" : {
      "id" : 3,
      "name" : "Albania"
    },
    "cards" : [ ],
    "positions" : [ {
      "position_id" : 6,
      "position" : "Left Back",
      "from" : "00:00",
      "to" : null,
      "from_period" : 1,
      "to_period" : null,
      "start_reason" : "Starting XI",
      "end_reason" : "Final Whistle"
    } ]
  }, {
    "player_id" : 57303,
    "player_name" : "Kristjan Asllani",
    "player_nickname" : null,
    "jersey_number" : 21,
    "country" : {
      "id" : 3,
      "name" : "Albania"
    },
    "cards" : [ ],
    "positions" : [ {
      "position_id" : 11,
      "position" : "Left Defensive Midfield",
      "from" : "00:00",
      "to" : null,
      "from_period" : 1,
      "to_period" : null,
      "start_reason" : "Starting XI",
      "end_reason" : "Final Whistle"
    } ]
  }, {
    "player_id" : 92611,
    "player_name" : "Ernest Muçi",
    "player_nickname" : null,
    "jersey_number" : 17,
    "country" : {
      "id" : 3,
      "name" : "Albania"
    },
    "cards" : [ ],
    "positions" : [ {
      "position_id" : 17,
      "position" : "Right Wing",
      "from" : "80:57",
      "to" : null,
      "from_period" : 2,
      "to_period" : null,
      "start_reason" : "Substitution - On (Tactical)",
      "end_reason" : "Final Whistle"
    } ]
  }, {
    "player_id" : 133698,
    "player_name" : "Arbër Hoxha",
    "player_nickname" : null,
    "jersey_number" : 26,
    "country" : {
      "id" : 122,
      "name" : "Kosovo"
    },
    "cards" : [ ],
    "positions" : [ {
      "position_id" : 21,
      "position" : "Left Wing",
      "from" : "69:51",
      "to" : null,
      "from_period" : 2,
      "to_period" : null,
      "start_reason" : "Substitution - On (Tactical)",
      "end_reason" : "Final Whistle"
    } ]
  }, {
    "player_id" : 142800,
    "player_name" : "Medon Berisha",
    "player_nickname" : null,
    "jersey_number" : 16,
    "country" : {
      "id" : 122,
      "name" : "Kosovo"
    },
    "cards" : [ {
      "time" : "88:00",
      "card_type" : "Yellow Card",
      "reason" : "Foul Committed",
      "period" : 2
    } ],
    "positions" : [ {
      "position_id" : 19,
      "position" : "Center Attacking Midfield",
      "from" : "69:43",
      "to" : null,
      "from_period" : 2,
      "to_period" : null,
      "start_reason" : "Substitution - On (Tactical)",
      "end_reason" : "Final Whistle"
    } ]
  } ]
} ]