[ {
  "team_id" : 772,
  "team_name" : "Spain",
  "lineup" : [ {
    "player_id" : 3042,
    "player_name" : "Mikel Merino Zazón",
    "player_nickname" : "Mikel Merino",
    "jersey_number" : 6,
    "country" : {
      "id" : 214,
      "name" : "Spain"
    },
    "cards" : [ ],
    "positions" : [ {
      "position_id" : 11,
      "position" : "Left Defensive Midfield",
      "from" : "93:44",
      "to" : null,
      "from_period" : 2,
      "to_period" : null,
      "start_reason" : "Substitution - On (Tactical)",
      "end_reason" : "Final Whistle"
    } ]
  }, {
    "player_id" : 3076,
    "player_name" : "Ayoze Pérez Gutiérrez",
    "player_nickname" : "Ayoze Pérez",
    "jersey_number" : 26,
    "country" : {
      "id" : 214,
      "name" : "Spain"
    },
    "cards" : [ ],
    "positions" : [ {
      "position_id" : 21,
      "position" : "Left Wing",
      "from" : "77:07",
      "to" : null,
      "from_period" : 2,
      "to_period" : null,
      "start_reason" : "Substitution - On (Tactical)",
      "end_reason" : "Final Whistle"
    } ]
  }, {
    "player_id" : 3265,
    "player_name" : "José Luis Sanmartín Mato",
    "player_nickname" : "Joselu",
    "jersey_number" : 9,
    "country" : {
      "id" : 214,
      "name" : "Spain"
    },
    "cards" : [ ],
    "positions" : [ ]
  }, {
    "player_id" : 3477,
    "player_name" : "Álvaro Borja Morata Martín",
    "player_nickname" : "Álvaro Morata",
    "jersey_number" : 7,
    "country" : {
      "id" : 214,
      "name" : "Spain"
    },
    "cards" : [ ],
    "positions" : [ {
      "position_id" : 23,
      "position" : "Center Forward",
      "from" : "00:00",
      "to" : "77:20",
      "from_period" : 1,
      "to_period" : 2,
      "start_reason" : "Starting XI",
      "end_reason" : "Substitution - Off (Tactical)"
    } ]
  }, {
    "player_id" : 4127,
    "player_name" : "David Raya Martin",
    "player_nickname" : "David Raya",
    "jersey_number" : 1,
    "country" : {
      "id" : 214,
      "name" : "Spain"
    },
    "cards" : [ ],
    "positions" : [ ]
  }, {
    "player_id" : 4353,
    "player_name" : "Aymeric Laporte",
    "player_nickname" : null,
    "jersey_number" : 14,
    "country" : {
      "id" : 214,
      "name" : "Spain"
    },
    "cards" : [ ],
    "positions" : [ {
      "position_id" : 5,
      "position" : "Left Center Back",
      "from" : "00:00",
      "to" : null,
      "from_period" : 1,
      "to_period" : null,
      "start_reason" : "Starting XI",
      "end_reason" : "Final Whistle"
    } ]
  }, {
    "player_id" : 5202,
    "player_name" : "José Ignacio Fernández Iglesias",
    "player_nickname" : "Nacho",
    "jersey_number" : 4,
    "country" : {
      "id" : 214,
      "name" : "Spain"
    },
    "cards" : [ ],
    "positions" : [ ]
  }, {
    "player_id" : 5721,
    "player_name" : "Daniel Carvajal Ramos",
    "player_nickname" : "Daniel Carvajal",
    "jersey_number" : 2,
    "country" : {
      "id" : 214,
      "name" : "Spain"
    },
    "cards" : [ {
      "time" : "94:18",
      "card_type" : "Yellow Card",
      "reason" : "Foul Committed",
      "period" : 2
    } ],
    "positions" : [ {
      "position_id" : 2,
      "position" : "Right Back",
      "from" : "00:00",
      "to" : null,
      "from_period" : 1,
      "to_period" : null,
      "start_reason" : "Starting XI",
      "end_reason" : "Final Whistle"
    } ]
  }, {
    "player_id" : 6655,
    "player_name" : "Fabián Ruiz Peña",
    "player_nickname" : "Fabián Ruiz",
    "jersey_number" : 8,
    "country" : {
      "id" : 214,
      "name" : "Spain"
    },
    "cards" : [ ],
    "positions" : [ {
      "position_id" : 11,
      "position" : "Left Defensive Midfield",
      "from" : "00:00",
      "to" : "93:44",
      "from_period" : 1,
      "to_period" : 2,
      "start_reason" : "Starting XI",
      "end_reason" : "Substitution - Off (Tactical)"
    } ]
  }, {
    "player_id" : 6685,
    "player_name" : "Mikel Oyarzabal Ugarte",
    "player_nickname" : "Mikel Oyarzabal",
    "jersey_number" : 21,
    "country" : {
      "id" : 214,
      "name" : "Spain"
    },
    "cards" : [ ],
    "positions" : [ {
      "position_id" : 23,
      "position" : "Center Forward",
      "from" : "77:20",
      "to" : null,
      "from_period" : 2,
      "to_period" : null,
      "start_reason" : "Substitution - On (Tactical)",
      "end_reason" : "Final Whistle"
    } ]
  }, {
    "player_id" : 6748,
    "player_name" : "Ferrán Torres García",
    "player_nickname" : "Ferrán Torres",
    "jersey_number" : 11,
    "country" : {
      "id" : 214,
      "name" : "Spain"
    },
    "cards" : [ ],
    "positions" : [ {
      "position_id" : 17,
      "position" : "Right Wing",
      "from" : "70:49",
      "to" : null,
      "from_period" : 2,
      "to_period" : null,
      "start_reason" : "Substitution - On (Tactical)",
      "end_reason" : "Final Whistle"
    } ]
  }, {
    "player_id" : 6765,
    "player_name" : "Rodrigo Hernández Cascante",
    "player_nickname" : "Rodri",
    "jersey_number" : 16,
    "country" : {
      "id" : 214,
      "name" : "Spain"
    },
    "cards" : [ {
      "time" : "46:17",
      "card_type" : "Yellow Card",
      "reason" : "Bad Behaviour",
      "period" : 1
    } ],
    "positions" : [ {
      "position_id" : 9,
      "position" : "Right Defensive Midfield",
      "from" : "00:00",
      "to" : null,
      "from_period" : 1,
      "to_period" : null,
      "start_reason" : "Starting XI",
      "end_reason" : "Final Whistle"
    } ]
  }, {
    "player_id" : 6821,
    "player_name" : "Jesús Navas González",
    "player_nickname" : "Jesús Navas",
    "jersey_number" : 22,
    "country" : {
      "id" : 214,
      "name" : "Spain"
    },
    "cards" : [ ],
    "positions" : [ ]
  }, {
    "player_id" : 10336,
    "player_name" : "Alejandro Grimaldo García",
    "player_nickname" : "Álex Grimaldo",
    "jersey_number" : 12,
    "country" : {
      "id" : 214,
      "name" : "Spain"
    },
    "cards" : [ ],
    "positions" : [ ]
  }, {
    "player_id" : 11748,
    "player_name" : "Unai Simón Mendibil",
    "player_nickname" : "Unai Simón",
    "jersey_number" : 23,
    "country" : {
      "id" : 214,
      "name" : "Spain"
    },
    "cards" : [ ],
    "positions" : [ {
      "position_id" : 1,
      "position" : "Goalkeeper",
      "from" : "00:00",
      "to" : null,
      "from_period" : 1,
      "to_period" : null,
      "start_reason" : "Starting XI",
      "end_reason" : "Final Whistle"
    } ]
  }, {
    "player_id" : 16532,
    "player_name" : "Daniel Olmo Carvajal",
    "player_nickname" : "Daniel Olmo",
    "jersey_number" : 10,
    "country" : {
      "id" : 214,
      "name" : "Spain"
    },
    "cards" : [ ],
    "positions" : [ ]
  }, {
    "player_id" : 17620,
    "player_name" : "Marc Cucurella Saseta",
    "player_nickname" : "Marc Cucurella",
    "jersey_number" : 24,
    "country" : {
      "id" : 214,
      "name" : "Spain"
    },
    "cards" : [ ],
    "positions" : [ {
      "position_id" : 6,
      "position" : "Left Back",
      "from" : "00:00",
      "to" : null,
      "from_period" : 1,
      "to_period" : null,
      "start_reason" : "Starting XI",
      "end_reason" : "Final Whistle"
    } ]
  }, {
    "player_id" : 22128,
    "player_name" : "Robin Aime Robert Le Normand",
    "player_nickname" : "Robin Le Normand",
    "jersey_number" : 3,
    "country" : {
      "id" : 214,
      "name" : "Spain"
    },
    "cards" : [ {
      "time" : "68:02",
      "card_type" : "Yellow Card",
      "reason" : "Foul Committed",
      "period" : 2
    } ],
    "positions" : [ {
      "position_id" : 3,
      "position" : "Right Center Back",
      "from" : "00:00",
      "to" : null,
      "from_period" : 1,
      "to_period" : null,
      "start_reason" : "Starting XI",
      "end_reason" : "Final Whistle"
    } ]
  }, {
    "player_id" : 24921,
    "player_name" : "Martín Zubimendi Ibáñez",
    "player_nickname" : "Martín Zubimendi",
    "jersey_number" : 18,
    "country" : {
      "id" : 214,
      "name" : "Spain"
    },
    "cards" : [ ],
    "positions" : [ ]
  }, {
    "player_id" : 30486,
    "player_name" : "Pedro González López",
    "player_nickname" : "Pedri",
    "jersey_number" : 20,
    "country" : {
      "id" : 214,
      "name" : "Spain"
    },
    "cards" : [ ],
    "positions" : [ {
      "position_id" : 19,
      "position" : "Center Attacking Midfield",
      "from" : "00:00",
      "to" : "70:49",
      "from_period" : 1,
      "to_period" : 2,
      "start_reason" : "Starting XI",
      "end_reason" : "Substitution - Off (Tactical)"
    } ]
  }, {
    "player_id" : 32185,
    "player_name" : "Alejandro Remiro Gargallo",
    "player_nickname" : "Álex Remiro",
    "jersey_number" : 13,
    "country" : {
      "id" : 214,
      "name" : "Spain"
    },
    "cards" : [ ],
    "positions" : [ ]
  }, {
    "player_id" : 41115,
    "player_name" : "Alejandro Baena Rodríguez",
    "player_nickname" : "Álex Baena",
    "jersey_number" : 15,
    "country" : {
      "id" : 214,
      "name" : "Spain"
    },
    "cards" : [ ],
    "positions" : [ {
      "position_id" : 19,
      "position" : "Center Attacking Midfield",
      "from" : "70:49",
      "to" : null,
      "from_period" : 2,
      "to_period" : null,
      "start_reason" : "Substitution - On (Tactical)",
      "end_reason" : "Final Whistle"
    } ]
  }, {
    "player_id" : 41542,
    "player_name" : "Daniel Vivian Moreno",
    "player_nickname" : "Dani Vivian",
    "jersey_number" : 5,
    "country" : {
      "id" : 214,
      "name" : "Spain"
    },
    "cards" : [ ],
    "positions" : [ ]
  }, {
    "player_id" : 68574,
    "player_name" : "Nicholas Williams Arthuer",
    "player_nickname" : "Nico Williams",
    "jersey_number" : 17,
    "country" : {
      "id" : 214,
      "name" : "Spain"
    },
    "cards" : [ ],
    "positions" : [ {
      "position_id" : 21,
      "position" : "Left Wing",
      "from" : "00:00",
      "to" : "77:07",
      "from_period" : 1,
      "to_period" : 2,
      "start_reason" : "Starting XI",
      "end_reason" : "Substitution - Off (Tactical)"
    } ]
  }, {
    "player_id" : 143864,
    "player_name" : "Fermin Lopez Marin",
    "player_nickname" : "Fermín López",
    "jersey_number" : 25,
    "country" : {
      "id" : 214,
      "name" : "Spain"
    },
    "cards" : [ ],
    "positions" : [ ]
  }, {
    "player_id" : 316046,
    "player_name" : "Lamine Yamal Nasraoui Ebana",
    "player_nickname" : "Lamine Yamal",
    "jersey_number" : 19,
    "country" : {
      "id" : 214,
      "name" : "Spain"
    },
    "cards" : [ ],
    "positions" : [ {
      "position_id" : 17,
      "position" : "Right Wing",
      "from" : "00:00",
      "to" : "70:49",
      "from_period" : 1,
      "to_period" : 2,
      "start_reason" : "Starting XI",
      "end_reason" : "Substitution - Off (Tactical)"
    } ]
  } ]
}, {
  "team_id" : 914,
  "team_name" : "Italy",
  "lineup" : [ {
    "player_id" : 4587,
    "player_name" : "Matteo Darmian",
    "player_nickname" : null,
    "jersey_number" : 13,
    "country" : {
      "id" : 112,
      "name" : "Italy"
    },
    "cards" : [ ],
    "positions" : [ ]
  }, {
    "player_id" : 6957,
    "player_name" : "Alex Meret",
    "player_nickname" : null,
    "jersey_number" : 26,
    "country" : {
      "id" : 112,
      "name" : "Italy"
    },
    "cards" : [ ],
    "positions" : [ ]
  }, {
    "player_id" : 6963,
    "player_name" : "Lorenzo Pellegrini",
    "player_nickname" : null,
    "jersey_number" : 10,
    "country" : {
      "id" : 112,
      "name" : "Italy"
    },
    "cards" : [ ],
    "positions" : [ {
      "position_id" : 21,
      "position" : "Left Wing",
      "from" : "00:00",
      "to" : "07:36",
      "from_period" : 1,
      "to_period" : 1,
      "start_reason" : "Starting XI",
      "end_reason" : "Player Off"
    }, {
      "position_id" : 21,
      "position" : "Left Wing",
      "from" : "07:46",
      "to" : "45:00",
      "from_period" : 1,
      "to_period" : 2,
      "start_reason" : "Player On",
      "end_reason" : "Tactical Shift"
    }, {
      "position_id" : 15,
      "position" : "Left Center Midfield",
      "from" : "45:00",
      "to" : "81:03",
      "from_period" : 2,
      "to_period" : 2,
      "start_reason" : "Tactical Shift",
      "end_reason" : "Substitution - Off (Tactical)"
    } ]
  }, {
    "player_id" : 6979,
    "player_name" : "Stephan El Shaarawy",
    "player_nickname" : null,
    "jersey_number" : 22,
    "country" : {
      "id" : 112,
      "name" : "Italy"
    },
    "cards" : [ ],
    "positions" : [ ]
  }, {
    "player_id" : 6993,
    "player_name" : "Bryan Cristante",
    "player_nickname" : null,
    "jersey_number" : 16,
    "country" : {
      "id" : 112,
      "name" : "Italy"
    },
    "cards" : [ {
      "time" : "45:15",
      "card_type" : "Yellow Card",
      "reason" : "Foul Committed",
      "period" : 2
    } ],
    "positions" : [ {
      "position_id" : 13,
      "position" : "Right Center Midfield",
      "from" : "45:00",
      "to" : "45:00",
      "from_period" : 2,
      "to_period" : 2,
      "start_reason" : "Tactical Shift",
      "end_reason" : "Substitution - On (Tactical)"
    }, {
      "position_id" : 10,
      "position" : "Center Defensive Midfield",
      "from" : "45:00",
      "to" : null,
      "from_period" : 2,
      "to_period" : null,
      "start_reason" : "Substitution - On (Tactical)",
      "end_reason" : "Final Whistle"
    } ]
  }, {
    "player_id" : 7004,
    "player_name" : "Gianluca Mancini",
    "player_nickname" : null,
    "jersey_number" : 17,
    "country" : {
      "id" : 112,
      "name" : "Italy"
    },
    "cards" : [ ],
    "positions" : [ ]
  }, {
    "player_id" : 7024,
    "player_name" : "Jorge Luiz Frello Filho",
    "player_nickname" : "Jorginho",
    "jersey_number" : 8,
    "country" : {
      "id" : 112,
      "name" : "Italy"
    },
    "cards" : [ ],
    "positions" : [ {
      "position_id" : 10,
      "position" : "Center Defensive Midfield",
      "from" : "00:00",
      "to" : "45:00",
      "from_period" : 1,
      "to_period" : 2,
      "start_reason" : "Starting XI",
      "end_reason" : "Substitution - Off (Tactical)"
    } ]
  }, {
    "player_id" : 7036,
    "player_name" : "Gianluigi Donnarumma",
    "player_nickname" : null,
    "jersey_number" : 1,
    "country" : {
      "id" : 112,
      "name" : "Italy"
    },
    "cards" : [ {
      "time" : "14:33",
      "card_type" : "Yellow Card",
      "reason" : "Bad Behaviour",
      "period" : 1
    } ],
    "positions" : [ {
      "position_id" : 1,
      "position" : "Goalkeeper",
      "from" : "00:00",
      "to" : null,
      "from_period" : 1,
      "to_period" : null,
      "start_reason" : "Starting XI",
      "end_reason" : "Final Whistle"
    } ]
  }, {
    "player_id" : 7156,
    "player_name" : "Federico Chiesa",
    "player_nickname" : null,
    "jersey_number" : 14,
    "country" : {
      "id" : 112,
      "name" : "Italy"
    },
    "cards" : [ ],
    "positions" : [ {
      "position_id" : 17,
      "position" : "Right Wing",
      "from" : "00:00",
      "to" : "45:00",
      "from_period" : 1,
      "to_period" : 2,
      "start_reason" : "Starting XI",
      "end_reason" : "Tactical Shift"
    }, {
      "position_id" : 21,
      "position" : "Left Wing",
      "from" : "45:00",
      "to" : "63:02",
      "from_period" : 2,
      "to_period" : 2,
      "start_reason" : "Tactical Shift",
      "end_reason" : "Substitution - Off (Tactical)"
    } ]
  }, {
    "player_id" : 7480,
    "player_name" : "Alessandro Bastoni",
    "player_nickname" : null,
    "jersey_number" : 23,
    "country" : {
      "id" : 112,
      "name" : "Italy"
    },
    "cards" : [ ],
    "positions" : [ {
      "position_id" : 3,
      "position" : "Right Center Back",
      "from" : "00:00",
      "to" : null,
      "from_period" : 1,
      "to_period" : null,
      "start_reason" : "Starting XI",
      "end_reason" : "Final Whistle"
    } ]
  }, {
    "player_id" : 8181,
    "player_name" : "Nicolò Barella",
    "player_nickname" : null,
    "jersey_number" : 18,
    "country" : {
      "id" : 112,
      "name" : "Italy"
    },
    "cards" : [ ],
    "positions" : [ {
      "position_id" : 15,
      "position" : "Left Center Midfield",
      "from" : "00:00",
      "to" : "45:00",
      "from_period" : 1,
      "to_period" : 2,
      "start_reason" : "Starting XI",
      "end_reason" : "Tactical Shift"
    }, {
      "position_id" : 10,
      "position" : "Center Defensive Midfield",
      "from" : "45:00",
      "to" : null,
      "from_period" : 2,
      "to_period" : null,
      "start_reason" : "Tactical Shift",
      "end_reason" : "Final Whistle"
    } ]
  }, {
    "player_id" : 8792,
    "player_name" : "Mattia Zaccagni",
    "player_nickname" : null,
    "jersey_number" : 20,
    "country" : {
      "id" : 112,
      "name" : "Italy"
    },
    "cards" : [ ],
    "positions" : [ {
      "position_id" : 21,
      "position" : "Left Wing",
      "from" : "63:02",
      "to" : null,
      "from_period" : 2,
      "to_period" : null,
      "start_reason" : "Substitution - On (Tactical)",
      "end_reason" : "Final Whistle"
    } ]
  }, {
    "player_id" : 10992,
    "player_name" : "Gianluca Scamacca",
    "player_nickname" : null,
    "jersey_number" : 9,
    "country" : {
      "id" : 112,
      "name" : "Italy"
    },
    "cards" : [ ],
    "positions" : [ {
      "position_id" : 23,
      "position" : "Center Forward",
      "from" : "00:00",
      "to" : "63:23",
      "from_period" : 1,
      "to_period" : 2,
      "start_reason" : "Starting XI",
      "end_reason" : "Substitution - Off (Tactical)"
    } ]
  }, {
    "player_id" : 11514,
    "player_name" : "Giovanni Di Lorenzo",
    "player_nickname" : null,
    "jersey_number" : 2,
    "country" : {
      "id" : 112,
      "name" : "Italy"
    },
    "cards" : [ ],
    "positions" : [ {
      "position_id" : 2,
      "position" : "Right Back",
      "from" : "00:00",
      "to" : null,
      "from_period" : 1,
      "to_period" : null,
      "start_reason" : "Starting XI",
      "end_reason" : "Final Whistle"
    } ]
  }, {
    "player_id" : 12255,
    "player_name" : "Federico Dimarco",
    "player_nickname" : null,
    "jersey_number" : 3,
    "country" : {
      "id" : 112,
      "name" : "Italy"
    },
    "cards" : [ ],
    "positions" : [ {
      "position_id" : 6,
      "position" : "Left Back",
      "from" : "00:00",
      "to" : null,
      "from_period" : 1,
      "to_period" : null,
      "start_reason" : "Starting XI",
      "end_reason" : "Final Whistle"
    } ]
  }, {
    "player_id" : 23221,
    "player_name" : "Alessandro Buongiorno",
    "player_nickname" : null,
    "jersey_number" : 4,
    "country" : {
      "id" : 112,
      "name" : "Italy"
    },
    "cards" : [ ],
    "positions" : [ ]
  }, {
    "player_id" : 25048,
    "player_name" : "Giacomo Raspadori",
    "player_nickname" : null,
    "jersey_number" : 11,
    "country" : {
      "id" : 112,
      "name" : "Italy"
    },
    "cards" : [ ],
    "positions" : [ {
      "position_id" : 15,
      "position" : "Left Center Midfield",
      "from" : "81:03",
      "to" : null,
      "from_period" : 2,
      "to_period" : null,
      "start_reason" : "Substitution - On (Tactical)",
      "end_reason" : "Final Whistle"
    } ]
  }, {
    "player_id" : 29965,
    "player_name" : "Raoul Bellanova",
    "player_nickname" : null,
    "jersey_number" : 15,
    "country" : {
      "id" : 112,
      "name" : "Italy"
    },
    "cards" : [ ],
    "positions" : [ ]
  }, {
    "player_id" : 30926,
    "player_name" : "Davide Frattesi",
    "player_nickname" : null,
    "jersey_number" : 7,
    "country" : {
      "id" : 112,
      "name" : "Italy"
    },
    "cards" : [ ],
    "positions" : [ {
      "position_id" : 13,
      "position" : "Right Center Midfield",
      "from" : "00:00",
      "to" : "45:00",
      "from_period" : 1,
      "to_period" : 2,
      "start_reason" : "Starting XI",
      "end_reason" : "Substitution - Off (Tactical)"
    } ]
  }, {
    "player_id" : 31093,
    "player_name" : "Mateo Retegui",
    "player_nickname" : null,
    "jersey_number" : 19,
    "country" : {
      "id" : 112,
      "name" : "Italy"
    },
    "cards" : [ ],
    "positions" : [ {
      "position_id" : 23,
      "position" : "Center Forward",
      "from" : "63:23",
      "to" : null,
      "from_period" : 2,
      "to_period" : null,
      "start_reason" : "Substitution - On (Tactical)",
      "end_reason" : "Final Whistle"
    } ]
  }, {
    "player_id" : 31225,
    "player_name" : "Guglielmo Vicario",
    "player_nickname" : null,
    "jersey_number" : 12,
    "country" : {
      "id" : 112,
      "name" : "Italy"
    },
    "cards" : [ ],
    "positions" : [ ]
  }, {
    "player_id" : 38909,
    "player_name" : "Nicolò Fagioli",
    "player_nickname" : null,
    "jersey_number" : 21,
    "country" : {
      "id" : 112,
      "name" : "Italy"
    },
    "cards" : [ ],
    "positions" : [ ]
  }, {
    "player_id" : 41768,
    "player_name" : "Riccardo Calafiori",
    "player_nickname" : null,
    "jersey_number" : 5,
    "country" : {
      "id" : 112,
      "name" : "Italy"
    },
    "cards" : [ ],
    "positions" : [ {
      "position_id" : 5,
      "position" : "Left Center Back",
      "from" : "00:00",
      "to" : null,
      "from_period" : 1,
      "to_period" : null,
      "start_reason" : "Starting XI",
      "end_reason" : "Final Whistle"
    } ]
  }, {
    "player_id" : 49445,
    "player_name" : "Michael Ijemuan Folorunsho",
    "player_nickname" : "Michael Folorunsho",
    "jersey_number" : 25,
    "country" : {
      "id" : 112,
      "name" : "Italy"
    },
    "cards" : [ ],
    "positions" : [ ]
  }, {
    "player_id" : 50729,
    "player_name" : "Andrea Cambiaso",
    "player_nickname" : null,
    "jersey_number" : 24,
    "country" : {
      "id" : 112,
      "name" : "Italy"
    },
    "cards" : [ ],
    "positions" : [ {
      "position_id" : 17,
      "position" : "Right Wing",
      "from" : "45:00",
      "to" : "45:00",
      "from_period" : 2,
      "to_period" : 2,
      "start_reason" : "Tactical Shift",
      "end_reason" : "Substitution - On (Tactical)"
    }, {
      "position_id" : 13,
      "position" : "Right Center Midfield",
      "from" : "45:00",
      "to" : null,
      "from_period" : 2,
      "to_period" : null,
      "start_reason" : "Substitution - On (Tactical)",
      "end_reason" : "Final Whistle"
    } ]
  }, {
    "player_id" : 133968,
    "player_name" : "Federico Gatti",
    "player_nickname" : null,
    "jersey_number" : 6,
    "country" : {
      "id" : 112,
      "name" : "Italy"
    },
    "cards" : [ ],
    "positions" : [ ]
  } ]
} ]