[ {
  "team_id" : 772,
  "team_name" : "Spain",
  "lineup" : [ {
    "player_id" : 3042,
    "player_name" : "Mikel Merino Zazón",
    "player_nickname" : "Mikel Merino",
    "jersey_number" : 6,
    "country" : {
      "id" : 214,
      "name" : "Spain"
    },
    "cards" : [ ],
    "positions" : [ {
      "position_id" : 11,
      "position" : "Left Defensive Midfield",
      "from" : "80:46",
      "to" : null,
      "from_period" : 2,
      "to_period" : null,
      "start_reason" : "Substitution - On (Tactical)",
      "end_reason" : "Final Whistle"
    } ]
  }, {
    "player_id" : 3076,
    "player_name" : "Ayoze Pérez Gutiérrez",
    "player_nickname" : "Ayoze Pérez",
    "jersey_number" : 26,
    "country" : {
      "id" : 214,
      "name" : "Spain"
    },
    "cards" : [ ],
    "positions" : [ ]
  }, {
    "player_id" : 3265,
    "player_name" : "José Luis Sanmartín Mato",
    "player_nickname" : "Joselu",
    "jersey_number" : 9,
    "country" : {
      "id" : 214,
      "name" : "Spain"
    },
    "cards" : [ ],
    "positions" : [ ]
  }, {
    "player_id" : 3477,
    "player_name" : "Álvaro Borja Morata Martín",
    "player_nickname" : "Álvaro Morata",
    "jersey_number" : 7,
    "country" : {
      "id" : 214,
      "name" : "Spain"
    },
    "cards" : [ {
      "time" : "43:20",
      "card_type" : "Yellow Card",
      "reason" : "Foul Committed",
      "period" : 1
    } ],
    "positions" : [ {
      "position_id" : 23,
      "position" : "Center Forward",
      "from" : "00:00",
      "to" : "66:15",
      "from_period" : 1,
      "to_period" : 2,
      "start_reason" : "Starting XI",
      "end_reason" : "Substitution - Off (Tactical)"
    } ]
  }, {
    "player_id" : 4127,
    "player_name" : "David Raya Martin",
    "player_nickname" : "David Raya",
    "jersey_number" : 1,
    "country" : {
      "id" : 214,
      "name" : "Spain"
    },
    "cards" : [ ],
    "positions" : [ ]
  }, {
    "player_id" : 4353,
    "player_name" : "Aymeric Laporte",
    "player_nickname" : null,
    "jersey_number" : 14,
    "country" : {
      "id" : 214,
      "name" : "Spain"
    },
    "cards" : [ ],
    "positions" : [ {
      "position_id" : 5,
      "position" : "Left Center Back",
      "from" : "00:00",
      "to" : null,
      "from_period" : 1,
      "to_period" : null,
      "start_reason" : "Starting XI",
      "end_reason" : "Final Whistle"
    } ]
  }, {
    "player_id" : 5202,
    "player_name" : "José Ignacio Fernández Iglesias",
    "player_nickname" : "Nacho",
    "jersey_number" : 4,
    "country" : {
      "id" : 214,
      "name" : "Spain"
    },
    "cards" : [ ],
    "positions" : [ ]
  }, {
    "player_id" : 5721,
    "player_name" : "Daniel Carvajal Ramos",
    "player_nickname" : "Daniel Carvajal",
    "jersey_number" : 2,
    "country" : {
      "id" : 214,
      "name" : "Spain"
    },
    "cards" : [ ],
    "positions" : [ {
      "position_id" : 2,
      "position" : "Right Back",
      "from" : "00:00",
      "to" : "80:24",
      "from_period" : 1,
      "to_period" : 2,
      "start_reason" : "Starting XI",
      "end_reason" : "Substitution - Off (Tactical)"
    } ]
  }, {
    "player_id" : 6655,
    "player_name" : "Fabián Ruiz Peña",
    "player_nickname" : "Fabián Ruiz",
    "jersey_number" : 8,
    "country" : {
      "id" : 214,
      "name" : "Spain"
    },
    "cards" : [ ],
    "positions" : [ {
      "position_id" : 15,
      "position" : "Left Center Midfield",
      "from" : "00:00",
      "to" : "75:59",
      "from_period" : 1,
      "to_period" : 2,
      "start_reason" : "Starting XI",
      "end_reason" : "Tactical Shift"
    }, {
      "position_id" : 11,
      "position" : "Left Defensive Midfield",
      "from" : "75:59",
      "to" : "80:46",
      "from_period" : 2,
      "to_period" : 2,
      "start_reason" : "Tactical Shift",
      "end_reason" : "Substitution - Off (Tactical)"
    } ]
  }, {
    "player_id" : 6685,
    "player_name" : "Mikel Oyarzabal Ugarte",
    "player_nickname" : "Mikel Oyarzabal",
    "jersey_number" : 21,
    "country" : {
      "id" : 214,
      "name" : "Spain"
    },
    "cards" : [ ],
    "positions" : [ {
      "position_id" : 23,
      "position" : "Center Forward",
      "from" : "66:15",
      "to" : null,
      "from_period" : 2,
      "to_period" : null,
      "start_reason" : "Substitution - On (Tactical)",
      "end_reason" : "Final Whistle"
    } ]
  }, {
    "player_id" : 6748,
    "player_name" : "Ferrán Torres García",
    "player_nickname" : "Ferrán Torres",
    "jersey_number" : 11,
    "country" : {
      "id" : 214,
      "name" : "Spain"
    },
    "cards" : [ ],
    "positions" : [ ]
  }, {
    "player_id" : 6765,
    "player_name" : "Rodrigo Hernández Cascante",
    "player_nickname" : "Rodri",
    "jersey_number" : 16,
    "country" : {
      "id" : 214,
      "name" : "Spain"
    },
    "cards" : [ ],
    "positions" : [ {
      "position_id" : 10,
      "position" : "Center Defensive Midfield",
      "from" : "00:00",
      "to" : "75:59",
      "from_period" : 1,
      "to_period" : 2,
      "start_reason" : "Starting XI",
      "end_reason" : "Tactical Shift"
    }, {
      "position_id" : 9,
      "position" : "Right Defensive Midfield",
      "from" : "75:59",
      "to" : null,
      "from_period" : 2,
      "to_period" : null,
      "start_reason" : "Tactical Shift",
      "end_reason" : "Final Whistle"
    } ]
  }, {
    "player_id" : 6821,
    "player_name" : "Jesús Navas González",
    "player_nickname" : "Jesús Navas",
    "jersey_number" : 22,
    "country" : {
      "id" : 214,
      "name" : "Spain"
    },
    "cards" : [ ],
    "positions" : [ {
      "position_id" : 2,
      "position" : "Right Back",
      "from" : "80:24",
      "to" : null,
      "from_period" : 2,
      "to_period" : null,
      "start_reason" : "Substitution - On (Tactical)",
      "end_reason" : "Final Whistle"
    } ]
  }, {
    "player_id" : 10336,
    "player_name" : "Alejandro Grimaldo García",
    "player_nickname" : "Álex Grimaldo",
    "jersey_number" : 12,
    "country" : {
      "id" : 214,
      "name" : "Spain"
    },
    "cards" : [ ],
    "positions" : [ {
      "position_id" : 6,
      "position" : "Left Back",
      "from" : "65:47",
      "to" : null,
      "from_period" : 2,
      "to_period" : null,
      "start_reason" : "Substitution - On (Tactical)",
      "end_reason" : "Final Whistle"
    } ]
  }, {
    "player_id" : 11748,
    "player_name" : "Unai Simón Mendibil",
    "player_nickname" : "Unai Simón",
    "jersey_number" : 23,
    "country" : {
      "id" : 214,
      "name" : "Spain"
    },
    "cards" : [ ],
    "positions" : [ {
      "position_id" : 1,
      "position" : "Goalkeeper",
      "from" : "00:00",
      "to" : null,
      "from_period" : 1,
      "to_period" : null,
      "start_reason" : "Starting XI",
      "end_reason" : "Final Whistle"
    } ]
  }, {
    "player_id" : 16532,
    "player_name" : "Daniel Olmo Carvajal",
    "player_nickname" : "Daniel Olmo",
    "jersey_number" : 10,
    "country" : {
      "id" : 214,
      "name" : "Spain"
    },
    "cards" : [ ],
    "positions" : [ {
      "position_id" : 13,
      "position" : "Right Center Midfield",
      "from" : "51:50",
      "to" : "75:59",
      "from_period" : 2,
      "to_period" : 2,
      "start_reason" : "Substitution - On (Tactical)",
      "end_reason" : "Tactical Shift"
    }, {
      "position_id" : 19,
      "position" : "Center Attacking Midfield",
      "from" : "75:59",
      "to" : null,
      "from_period" : 2,
      "to_period" : null,
      "start_reason" : "Tactical Shift",
      "end_reason" : "Final Whistle"
    } ]
  }, {
    "player_id" : 17620,
    "player_name" : "Marc Cucurella Saseta",
    "player_nickname" : "Marc Cucurella",
    "jersey_number" : 24,
    "country" : {
      "id" : 214,
      "name" : "Spain"
    },
    "cards" : [ ],
    "positions" : [ {
      "position_id" : 6,
      "position" : "Left Back",
      "from" : "00:00",
      "to" : "65:47",
      "from_period" : 1,
      "to_period" : 2,
      "start_reason" : "Starting XI",
      "end_reason" : "Substitution - Off (Tactical)"
    } ]
  }, {
    "player_id" : 22128,
    "player_name" : "Robin Aime Robert Le Normand",
    "player_nickname" : "Robin Le Normand",
    "jersey_number" : 3,
    "country" : {
      "id" : 214,
      "name" : "Spain"
    },
    "cards" : [ ],
    "positions" : [ {
      "position_id" : 3,
      "position" : "Right Center Back",
      "from" : "00:00",
      "to" : null,
      "from_period" : 1,
      "to_period" : null,
      "start_reason" : "Starting XI",
      "end_reason" : "Final Whistle"
    } ]
  }, {
    "player_id" : 24921,
    "player_name" : "Martín Zubimendi Ibáñez",
    "player_nickname" : "Martín Zubimendi",
    "jersey_number" : 18,
    "country" : {
      "id" : 214,
      "name" : "Spain"
    },
    "cards" : [ ],
    "positions" : [ ]
  }, {
    "player_id" : 30486,
    "player_name" : "Pedro González López",
    "player_nickname" : "Pedri",
    "jersey_number" : 20,
    "country" : {
      "id" : 214,
      "name" : "Spain"
    },
    "cards" : [ ],
    "positions" : [ {
      "position_id" : 13,
      "position" : "Right Center Midfield",
      "from" : "00:00",
      "to" : "51:50",
      "from_period" : 1,
      "to_period" : 2,
      "start_reason" : "Starting XI",
      "end_reason" : "Substitution - Off (Tactical)"
    } ]
  }, {
    "player_id" : 32185,
    "player_name" : "Alejandro Remiro Gargallo",
    "player_nickname" : "Álex Remiro",
    "jersey_number" : 13,
    "country" : {
      "id" : 214,
      "name" : "Spain"
    },
    "cards" : [ ],
    "positions" : [ ]
  }, {
    "player_id" : 41115,
    "player_name" : "Alejandro Baena Rodríguez",
    "player_nickname" : "Álex Baena",
    "jersey_number" : 15,
    "country" : {
      "id" : 214,
      "name" : "Spain"
    },
    "cards" : [ ],
    "positions" : [ ]
  }, {
    "player_id" : 41542,
    "player_name" : "Daniel Vivian Moreno",
    "player_nickname" : "Dani Vivian",
    "jersey_number" : 5,
    "country" : {
      "id" : 214,
      "name" : "Spain"
    },
    "cards" : [ ],
    "positions" : [ ]
  }, {
    "player_id" : 68574,
    "player_name" : "Nicholas Williams Arthuer",
    "player_nickname" : "Nico Williams",
    "jersey_number" : 17,
    "country" : {
      "id" : 214,
      "name" : "Spain"
    },
    "cards" : [ ],
    "positions" : [ {
      "position_id" : 21,
      "position" : "Left Wing",
      "from" : "00:00",
      "to" : null,
      "from_period" : 1,
      "to_period" : null,
      "start_reason" : "Starting XI",
      "end_reason" : "Final Whistle"
    } ]
  }, {
    "player_id" : 143864,
    "player_name" : "Fermin Lopez Marin",
    "player_nickname" : "Fermín López",
    "jersey_number" : 25,
    "country" : {
      "id" : 214,
      "name" : "Spain"
    },
    "cards" : [ ],
    "positions" : [ ]
  }, {
    "player_id" : 316046,
    "player_name" : "Lamine Yamal Nasraoui Ebana",
    "player_nickname" : "Lamine Yamal",
    "jersey_number" : 19,
    "country" : {
      "id" : 214,
      "name" : "Spain"
    },
    "cards" : [ ],
    "positions" : [ {
      "position_id" : 17,
      "position" : "Right Wing",
      "from" : "00:00",
      "to" : null,
      "from_period" : 1,
      "to_period" : null,
      "start_reason" : "Starting XI",
      "end_reason" : "Final Whistle"
    } ]
  } ]
}, {
  "team_id" : 2138,
  "team_name" : "Georgia",
  "lineup" : [ {
    "player_id" : 7087,
    "player_name" : "Saba Lobzhanidze",
    "player_nickname" : "Saba Lobjanidze",
    "jersey_number" : 23,
    "country" : {
      "id" : 84,
      "name" : "Georgia"
    },
    "cards" : [ ],
    "positions" : [ ]
  }, {
    "player_id" : 7655,
    "player_name" : "Lasha Dvali",
    "player_nickname" : null,
    "jersey_number" : 3,
    "country" : {
      "id" : 84,
      "name" : "Georgia"
    },
    "cards" : [ ],
    "positions" : [ {
      "position_id" : 5,
      "position" : "Left Center Back",
      "from" : "00:00",
      "to" : null,
      "from_period" : 1,
      "to_period" : null,
      "start_reason" : "Starting XI",
      "end_reason" : "Final Whistle"
    } ]
  }, {
    "player_id" : 7839,
    "player_name" : "Guram Kashia",
    "player_nickname" : null,
    "jersey_number" : 4,
    "country" : {
      "id" : 84,
      "name" : "Georgia"
    },
    "cards" : [ ],
    "positions" : [ {
      "position_id" : 4,
      "position" : "Center Back",
      "from" : "00:00",
      "to" : null,
      "from_period" : 1,
      "to_period" : null,
      "start_reason" : "Starting XI",
      "end_reason" : "Final Whistle"
    } ]
  }, {
    "player_id" : 11335,
    "player_name" : "Otar Kiteishvili",
    "player_nickname" : null,
    "jersey_number" : 17,
    "country" : {
      "id" : 84,
      "name" : "Georgia"
    },
    "cards" : [ ],
    "positions" : [ {
      "position_id" : 10,
      "position" : "Center Defensive Midfield",
      "from" : "00:00",
      "to" : "40:35",
      "from_period" : 1,
      "to_period" : 1,
      "start_reason" : "Starting XI",
      "end_reason" : "Substitution - Off (Injury)"
    } ]
  }, {
    "player_id" : 16005,
    "player_name" : "Solomon Kverkvelia",
    "player_nickname" : "Saba Kverkvelia",
    "jersey_number" : 5,
    "country" : {
      "id" : 84,
      "name" : "Georgia"
    },
    "cards" : [ ],
    "positions" : [ ]
  }, {
    "player_id" : 22242,
    "player_name" : "Heorhii Tsitaishvili",
    "player_nickname" : "Georgiy Tsitaishvili",
    "jersey_number" : 21,
    "country" : {
      "id" : 84,
      "name" : "Georgia"
    },
    "cards" : [ ],
    "positions" : [ {
      "position_id" : 8,
      "position" : "Left Wing Back",
      "from" : "62:49",
      "to" : null,
      "from_period" : 2,
      "to_period" : null,
      "start_reason" : "Substitution - On (Tactical)",
      "end_reason" : "Final Whistle"
    } ]
  }, {
    "player_id" : 23272,
    "player_name" : "Giorgi Loria",
    "player_nickname" : null,
    "jersey_number" : 1,
    "country" : {
      "id" : 84,
      "name" : "Georgia"
    },
    "cards" : [ ],
    "positions" : [ ]
  }, {
    "player_id" : 23646,
    "player_name" : "Giorgi Chakvetadze",
    "player_nickname" : null,
    "jersey_number" : 10,
    "country" : {
      "id" : 84,
      "name" : "Georgia"
    },
    "cards" : [ ],
    "positions" : [ {
      "position_id" : 13,
      "position" : "Right Center Midfield",
      "from" : "00:00",
      "to" : "18:20",
      "from_period" : 1,
      "to_period" : 1,
      "start_reason" : "Starting XI",
      "end_reason" : "Tactical Shift"
    }, {
      "position_id" : 15,
      "position" : "Left Center Midfield",
      "from" : "18:20",
      "to" : "62:59",
      "from_period" : 1,
      "to_period" : 2,
      "start_reason" : "Tactical Shift",
      "end_reason" : "Substitution - Off (Tactical)"
    } ]
  }, {
    "player_id" : 24284,
    "player_name" : "Giorgi Kvilitaia",
    "player_nickname" : null,
    "jersey_number" : 11,
    "country" : {
      "id" : 84,
      "name" : "Georgia"
    },
    "cards" : [ ],
    "positions" : [ ]
  }, {
    "player_id" : 25036,
    "player_name" : "Otar Kakabadze",
    "player_nickname" : null,
    "jersey_number" : 2,
    "country" : {
      "id" : 84,
      "name" : "Georgia"
    },
    "cards" : [ ],
    "positions" : [ {
      "position_id" : 7,
      "position" : "Right Wing Back",
      "from" : "00:00",
      "to" : "78:36",
      "from_period" : 1,
      "to_period" : 2,
      "start_reason" : "Starting XI",
      "end_reason" : "Tactical Shift"
    }, {
      "position_id" : 3,
      "position" : "Right Center Back",
      "from" : "78:36",
      "to" : null,
      "from_period" : 2,
      "to_period" : null,
      "start_reason" : "Tactical Shift",
      "end_reason" : "Final Whistle"
    } ]
  }, {
    "player_id" : 31707,
    "player_name" : "Levan Shengelia",
    "player_nickname" : null,
    "jersey_number" : 19,
    "country" : {
      "id" : 84,
      "name" : "Georgia"
    },
    "cards" : [ ],
    "positions" : [ ]
  }, {
    "player_id" : 33234,
    "player_name" : "Georges Mikautadze",
    "player_nickname" : null,
    "jersey_number" : 22,
    "country" : {
      "id" : 84,
      "name" : "Georgia"
    },
    "cards" : [ ],
    "positions" : [ {
      "position_id" : 22,
      "position" : "Right Center Forward",
      "from" : "00:00",
      "to" : "76:14",
      "from_period" : 1,
      "to_period" : 2,
      "start_reason" : "Starting XI",
      "end_reason" : "Player Off"
    }, {
      "position_id" : 22,
      "position" : "Right Center Forward",
      "from" : "76:28",
      "to" : "78:33",
      "from_period" : 2,
      "to_period" : 2,
      "start_reason" : "Player On",
      "end_reason" : "Substitution - Off (Tactical)"
    } ]
  }, {
    "player_id" : 38225,
    "player_name" : "Jemal Tabidze",
    "player_nickname" : "Jimmy Tabidze",
    "jersey_number" : 24,
    "country" : {
      "id" : 84,
      "name" : "Georgia"
    },
    "cards" : [ ],
    "positions" : [ ]
  }, {
    "player_id" : 38229,
    "player_name" : "Khvicha Kvaratskhelia",
    "player_nickname" : "Kvara",
    "jersey_number" : 7,
    "country" : {
      "id" : 84,
      "name" : "Georgia"
    },
    "cards" : [ ],
    "positions" : [ {
      "position_id" : 24,
      "position" : "Left Center Forward",
      "from" : "00:00",
      "to" : null,
      "from_period" : 1,
      "to_period" : null,
      "start_reason" : "Starting XI",
      "end_reason" : "Final Whistle"
    } ]
  }, {
    "player_id" : 41202,
    "player_name" : "Giorgi Kochorashvili",
    "player_nickname" : null,
    "jersey_number" : 6,
    "country" : {
      "id" : 84,
      "name" : "Georgia"
    },
    "cards" : [ ],
    "positions" : [ {
      "position_id" : 15,
      "position" : "Left Center Midfield",
      "from" : "00:00",
      "to" : "14:04",
      "from_period" : 1,
      "to_period" : 1,
      "start_reason" : "Starting XI",
      "end_reason" : "Player Off"
    }, {
      "position_id" : 15,
      "position" : "Left Center Midfield",
      "from" : "14:25",
      "to" : "18:20",
      "from_period" : 1,
      "to_period" : 1,
      "start_reason" : "Player On",
      "end_reason" : "Tactical Shift"
    }, {
      "position_id" : 13,
      "position" : "Right Center Midfield",
      "from" : "18:20",
      "to" : "40:36",
      "from_period" : 1,
      "to_period" : 1,
      "start_reason" : "Tactical Shift",
      "end_reason" : "Tactical Shift"
    }, {
      "position_id" : 10,
      "position" : "Center Defensive Midfield",
      "from" : "40:36",
      "to" : "78:36",
      "from_period" : 1,
      "to_period" : 2,
      "start_reason" : "Tactical Shift",
      "end_reason" : "Tactical Shift"
    }, {
      "position_id" : 15,
      "position" : "Left Center Midfield",
      "from" : "78:36",
      "to" : null,
      "from_period" : 2,
      "to_period" : null,
      "start_reason" : "Tactical Shift",
      "end_reason" : "Final Whistle"
    } ]
  }, {
    "player_id" : 44183,
    "player_name" : "Zuriko Davitashvili",
    "player_nickname" : "Zurab Davitashvili",
    "jersey_number" : 9,
    "country" : {
      "id" : 84,
      "name" : "Georgia"
    },
    "cards" : [ {
      "time" : "70:10",
      "card_type" : "Yellow Card",
      "reason" : "Foul Committed",
      "period" : 2
    } ],
    "positions" : [ {
      "position_id" : 15,
      "position" : "Left Center Midfield",
      "from" : "62:59",
      "to" : "78:36",
      "from_period" : 2,
      "to_period" : 2,
      "start_reason" : "Substitution - On (Tactical)",
      "end_reason" : "Tactical Shift"
    }, {
      "position_id" : 7,
      "position" : "Right Wing Back",
      "from" : "78:36",
      "to" : null,
      "from_period" : 2,
      "to_period" : null,
      "start_reason" : "Tactical Shift",
      "end_reason" : "Final Whistle"
    } ]
  }, {
    "player_id" : 46802,
    "player_name" : "Nika Kvekveskiri",
    "player_nickname" : null,
    "jersey_number" : 16,
    "country" : {
      "id" : 84,
      "name" : "Georgia"
    },
    "cards" : [ ],
    "positions" : [ {
      "position_id" : 3,
      "position" : "Right Center Back",
      "from" : "78:17",
      "to" : "78:36",
      "from_period" : 2,
      "to_period" : 2,
      "start_reason" : "Substitution - On (Tactical)",
      "end_reason" : "Tactical Shift"
    }, {
      "position_id" : 10,
      "position" : "Center Defensive Midfield",
      "from" : "78:36",
      "to" : null,
      "from_period" : 2,
      "to_period" : null,
      "start_reason" : "Tactical Shift",
      "end_reason" : "Final Whistle"
    } ]
  }, {
    "player_id" : 48178,
    "player_name" : "Luka Lochoshvili",
    "player_nickname" : null,
    "jersey_number" : 14,
    "country" : {
      "id" : 84,
      "name" : "Georgia"
    },
    "cards" : [ ],
    "positions" : [ {
      "position_id" : 8,
      "position" : "Left Wing Back",
      "from" : "00:00",
      "to" : "62:49",
      "from_period" : 1,
      "to_period" : 2,
      "start_reason" : "Starting XI",
      "end_reason" : "Substitution - Off (Tactical)"
    } ]
  }, {
    "player_id" : 102371,
    "player_name" : "Giorgi Mamardashvili",
    "player_nickname" : null,
    "jersey_number" : 25,
    "country" : {
      "id" : 84,
      "name" : "Georgia"
    },
    "cards" : [ ],
    "positions" : [ {
      "position_id" : 1,
      "position" : "Goalkeeper",
      "from" : "00:00",
      "to" : null,
      "from_period" : 1,
      "to_period" : null,
      "start_reason" : "Starting XI",
      "end_reason" : "Final Whistle"
    } ]
  }, {
    "player_id" : 102372,
    "player_name" : "Budu Zivzivadze",
    "player_nickname" : null,
    "jersey_number" : 8,
    "country" : {
      "id" : 84,
      "name" : "Georgia"
    },
    "cards" : [ ],
    "positions" : [ {
      "position_id" : 22,
      "position" : "Right Center Forward",
      "from" : "78:33",
      "to" : null,
      "from_period" : 2,
      "to_period" : null,
      "start_reason" : "Substitution - On (Tactical)",
      "end_reason" : "Final Whistle"
    } ]
  }, {
    "player_id" : 135844,
    "player_name" : "Sandro Altunashvili",
    "player_nickname" : null,
    "jersey_number" : 18,
    "country" : {
      "id" : 84,
      "name" : "Georgia"
    },
    "cards" : [ ],
    "positions" : [ {
      "position_id" : 10,
      "position" : "Center Defensive Midfield",
      "from" : "40:35",
      "to" : "40:36",
      "from_period" : 1,
      "to_period" : 1,
      "start_reason" : "Substitution - On (Injury)",
      "end_reason" : "Tactical Shift"
    }, {
      "position_id" : 13,
      "position" : "Right Center Midfield",
      "from" : "40:36",
      "to" : null,
      "from_period" : 1,
      "to_period" : null,
      "start_reason" : "Tactical Shift",
      "end_reason" : "Final Whistle"
    } ]
  }, {
    "player_id" : 158014,
    "player_name" : "Luka Gugeshashvili",
    "player_nickname" : null,
    "jersey_number" : 12,
    "country" : {
      "id" : 84,
      "name" : "Georgia"
    },
    "cards" : [ ],
    "positions" : [ ]
  }, {
    "player_id" : 348086,
    "player_name" : "Giorgi Gocholeishvili",
    "player_nickname" : null,
    "jersey_number" : 13,
    "country" : {
      "id" : 84,
      "name" : "Georgia"
    },
    "cards" : [ ],
    "positions" : [ ]
  }, {
    "player_id" : 390000,
    "player_name" : "Gabriel Sigua",
    "player_nickname" : null,
    "jersey_number" : 26,
    "country" : {
      "id" : 84,
      "name" : "Georgia"
    },
    "cards" : [ ],
    "positions" : [ ]
  }, {
    "player_id" : 398886,
    "player_name" : "Giorgi Gvelesiani",
    "player_nickname" : null,
    "jersey_number" : 15,
    "country" : {
      "id" : 84,
      "name" : "Georgia"
    },
    "cards" : [ ],
    "positions" : [ {
      "position_id" : 3,
      "position" : "Right Center Back",
      "from" : "00:00",
      "to" : "78:17",
      "from_period" : 1,
      "to_period" : 2,
      "start_reason" : "Starting XI",
      "end_reason" : "Substitution - Off (Tactical)"
    } ]
  } ]
} ]