[ {
  "team_id" : 771,
  "team_name" : "France",
  "lineup" : [ {
    "player_id" : 2972,
    "player_name" : "Marcus Thuram",
    "player_nickname" : null,
    "jersey_number" : 15,
    "country" : {
      "id" : 78,
      "name" : "France"
    },
    "cards" : [ ],
    "positions" : [ ]
  }, {
    "player_id" : 3009,
    "player_name" : "Kylian Mbappé Lottin",
    "player_nickname" : "Kylian Mbappé",
    "jersey_number" : 10,
    "country" : {
      "id" : 78,
      "name" : "France"
    },
    "cards" : [ ],
    "positions" : [ {
      "position_id" : 21,
      "position" : "Left Wing",
      "from" : "00:00",
      "to" : "62:27",
      "from_period" : 1,
      "to_period" : 2,
      "start_reason" : "Starting XI",
      "end_reason" : "Tactical Shift"
    }, {
      "position_id" : 23,
      "position" : "Center Forward",
      "from" : "62:27",
      "to" : "78:07",
      "from_period" : 2,
      "to_period" : 2,
      "start_reason" : "Tactical Shift",
      "end_reason" : "Tactical Shift"
    }, {
      "position_id" : 24,
      "position" : "Left Center Forward",
      "from" : "78:07",
      "to" : null,
      "from_period" : 2,
      "to_period" : null,
      "start_reason" : "Tactical Shift",
      "end_reason" : "Final Whistle"
    } ]
  }, {
    "player_id" : 3026,
    "player_name" : "Adrien Rabiot",
    "player_nickname" : null,
    "jersey_number" : 14,
    "country" : {
      "id" : 78,
      "name" : "France"
    },
    "cards" : [ ],
    "positions" : [ {
      "position_id" : 15,
      "position" : "Left Center Midfield",
      "from" : "00:00",
      "to" : "61:32",
      "from_period" : 1,
      "to_period" : 2,
      "start_reason" : "Starting XI",
      "end_reason" : "Substitution - Off (Tactical)"
    } ]
  }, {
    "player_id" : 3379,
    "player_name" : "Alphonse Areola",
    "player_nickname" : null,
    "jersey_number" : 23,
    "country" : {
      "id" : 78,
      "name" : "France"
    },
    "cards" : [ ],
    "positions" : [ ]
  }, {
    "player_id" : 3604,
    "player_name" : "Olivier Giroud",
    "player_nickname" : null,
    "jersey_number" : 9,
    "country" : {
      "id" : 78,
      "name" : "France"
    },
    "cards" : [ ],
    "positions" : [ {
      "position_id" : 17,
      "position" : "Right Wing",
      "from" : "78:06",
      "to" : "78:07",
      "from_period" : 2,
      "to_period" : 2,
      "start_reason" : "Substitution - On (Tactical)",
      "end_reason" : "Tactical Shift"
    }, {
      "position_id" : 22,
      "position" : "Right Center Forward",
      "from" : "78:07",
      "to" : null,
      "from_period" : 2,
      "to_period" : null,
      "start_reason" : "Tactical Shift",
      "end_reason" : "Final Whistle"
    } ]
  }, {
    "player_id" : 3761,
    "player_name" : "Mike Maignan",
    "player_nickname" : null,
    "jersey_number" : 16,
    "country" : {
      "id" : 78,
      "name" : "France"
    },
    "cards" : [ ],
    "positions" : [ {
      "position_id" : 1,
      "position" : "Goalkeeper",
      "from" : "00:00",
      "to" : null,
      "from_period" : 1,
      "to_period" : null,
      "start_reason" : "Starting XI",
      "end_reason" : "Final Whistle"
    } ]
  }, {
    "player_id" : 3804,
    "player_name" : "Ferland Mendy",
    "player_nickname" : null,
    "jersey_number" : 3,
    "country" : {
      "id" : 78,
      "name" : "France"
    },
    "cards" : [ ],
    "positions" : [ ]
  }, {
    "player_id" : 3961,
    "player_name" : "N'Golo Kanté",
    "player_nickname" : "N'Golo Kanté",
    "jersey_number" : 13,
    "country" : {
      "id" : 78,
      "name" : "France"
    },
    "cards" : [ ],
    "positions" : [ {
      "position_id" : 13,
      "position" : "Right Center Midfield",
      "from" : "00:00",
      "to" : "61:39",
      "from_period" : 1,
      "to_period" : 2,
      "start_reason" : "Starting XI",
      "end_reason" : "Substitution - Off (Tactical)"
    } ]
  }, {
    "player_id" : 4445,
    "player_name" : "Jules Koundé",
    "player_nickname" : null,
    "jersey_number" : 5,
    "country" : {
      "id" : 78,
      "name" : "France"
    },
    "cards" : [ ],
    "positions" : [ {
      "position_id" : 2,
      "position" : "Right Back",
      "from" : "00:00",
      "to" : null,
      "from_period" : 1,
      "to_period" : null,
      "start_reason" : "Starting XI",
      "end_reason" : "Final Whistle"
    } ]
  }, {
    "player_id" : 4893,
    "player_name" : "Brice Samba",
    "player_nickname" : null,
    "jersey_number" : 1,
    "country" : {
      "id" : 78,
      "name" : "France"
    },
    "cards" : [ ],
    "positions" : [ ]
  }, {
    "player_id" : 5476,
    "player_name" : "Benjamin Pavard",
    "player_nickname" : null,
    "jersey_number" : 2,
    "country" : {
      "id" : 78,
      "name" : "France"
    },
    "cards" : [ ],
    "positions" : [ ]
  }, {
    "player_id" : 5477,
    "player_name" : "Ousmane Dembélé",
    "player_nickname" : null,
    "jersey_number" : 11,
    "country" : {
      "id" : 78,
      "name" : "France"
    },
    "cards" : [ ],
    "positions" : [ {
      "position_id" : 17,
      "position" : "Right Wing",
      "from" : "00:00",
      "to" : "78:06",
      "from_period" : 1,
      "to_period" : 2,
      "start_reason" : "Starting XI",
      "end_reason" : "Substitution - Off (Tactical)"
    } ]
  }, {
    "player_id" : 5487,
    "player_name" : "Antoine Griezmann",
    "player_nickname" : null,
    "jersey_number" : 7,
    "country" : {
      "id" : 78,
      "name" : "France"
    },
    "cards" : [ ],
    "positions" : [ {
      "position_id" : 13,
      "position" : "Right Center Midfield",
      "from" : "61:39",
      "to" : "62:27",
      "from_period" : 2,
      "to_period" : 2,
      "start_reason" : "Substitution - On (Tactical)",
      "end_reason" : "Tactical Shift"
    }, {
      "position_id" : 19,
      "position" : "Center Attacking Midfield",
      "from" : "62:27",
      "to" : "78:07",
      "from_period" : 2,
      "to_period" : 2,
      "start_reason" : "Tactical Shift",
      "end_reason" : "Tactical Shift"
    }, {
      "position_id" : 12,
      "position" : "Right Midfield",
      "from" : "78:07",
      "to" : null,
      "from_period" : 2,
      "to_period" : null,
      "start_reason" : "Tactical Shift",
      "end_reason" : "Final Whistle"
    } ]
  }, {
    "player_id" : 6704,
    "player_name" : "Theo Bernard François Hernández",
    "player_nickname" : "Theo Hernández",
    "jersey_number" : 22,
    "country" : {
      "id" : 78,
      "name" : "France"
    },
    "cards" : [ ],
    "positions" : [ {
      "position_id" : 6,
      "position" : "Left Back",
      "from" : "00:00",
      "to" : null,
      "from_period" : 1,
      "to_period" : null,
      "start_reason" : "Starting XI",
      "end_reason" : "Final Whistle"
    } ]
  }, {
    "player_id" : 7252,
    "player_name" : "Jonathan Clauss",
    "player_nickname" : null,
    "jersey_number" : 21,
    "country" : {
      "id" : 78,
      "name" : "France"
    },
    "cards" : [ ],
    "positions" : [ ]
  }, {
    "player_id" : 8217,
    "player_name" : "Kingsley Coman",
    "player_nickname" : null,
    "jersey_number" : 20,
    "country" : {
      "id" : 78,
      "name" : "France"
    },
    "cards" : [ ],
    "positions" : [ ]
  }, {
    "player_id" : 8519,
    "player_name" : "Dayotchanculle Upamecano",
    "player_nickname" : null,
    "jersey_number" : 4,
    "country" : {
      "id" : 78,
      "name" : "France"
    },
    "cards" : [ ],
    "positions" : [ {
      "position_id" : 3,
      "position" : "Right Center Back",
      "from" : "00:00",
      "to" : null,
      "from_period" : 1,
      "to_period" : null,
      "start_reason" : "Starting XI",
      "end_reason" : "Final Whistle"
    } ]
  }, {
    "player_id" : 10481,
    "player_name" : "Aurélien Djani Tchouaméni",
    "player_nickname" : "Aurélien Tchouaméni",
    "jersey_number" : 8,
    "country" : {
      "id" : 78,
      "name" : "France"
    },
    "cards" : [ {
      "time" : "59:41",
      "card_type" : "Yellow Card",
      "reason" : "Foul Committed",
      "period" : 2
    } ],
    "positions" : [ {
      "position_id" : 10,
      "position" : "Center Defensive Midfield",
      "from" : "00:00",
      "to" : "62:27",
      "from_period" : 1,
      "to_period" : 2,
      "start_reason" : "Starting XI",
      "end_reason" : "Tactical Shift"
    }, {
      "position_id" : 9,
      "position" : "Right Defensive Midfield",
      "from" : "62:27",
      "to" : null,
      "from_period" : 2,
      "to_period" : null,
      "start_reason" : "Tactical Shift",
      "end_reason" : "Final Whistle"
    } ]
  }, {
    "player_id" : 11135,
    "player_name" : "Ibrahima Konaté",
    "player_nickname" : null,
    "jersey_number" : 24,
    "country" : {
      "id" : 78,
      "name" : "France"
    },
    "cards" : [ ],
    "positions" : [ ]
  }, {
    "player_id" : 11990,
    "player_name" : "Youssouf Fofana",
    "player_nickname" : null,
    "jersey_number" : 19,
    "country" : {
      "id" : 78,
      "name" : "France"
    },
    "cards" : [ ],
    "positions" : [ ]
  }, {
    "player_id" : 17592,
    "player_name" : "William Saliba",
    "player_nickname" : null,
    "jersey_number" : 17,
    "country" : {
      "id" : 78,
      "name" : "France"
    },
    "cards" : [ ],
    "positions" : [ {
      "position_id" : 5,
      "position" : "Left Center Back",
      "from" : "00:00",
      "to" : null,
      "from_period" : 1,
      "to_period" : null,
      "start_reason" : "Starting XI",
      "end_reason" : "Final Whistle"
    } ]
  }, {
    "player_id" : 22097,
    "player_name" : "Randal Kolo Muani",
    "player_nickname" : "Randal Kolo",
    "jersey_number" : 12,
    "country" : {
      "id" : 78,
      "name" : "France"
    },
    "cards" : [ ],
    "positions" : [ {
      "position_id" : 23,
      "position" : "Center Forward",
      "from" : "00:00",
      "to" : "61:38",
      "from_period" : 1,
      "to_period" : 2,
      "start_reason" : "Starting XI",
      "end_reason" : "Substitution - Off (Tactical)"
    } ]
  }, {
    "player_id" : 24778,
    "player_name" : "Eduardo Camavinga",
    "player_nickname" : null,
    "jersey_number" : 6,
    "country" : {
      "id" : 78,
      "name" : "France"
    },
    "cards" : [ {
      "time" : "88:30",
      "card_type" : "Yellow Card",
      "reason" : "Foul Committed",
      "period" : 2
    } ],
    "positions" : [ {
      "position_id" : 15,
      "position" : "Left Center Midfield",
      "from" : "61:32",
      "to" : "62:27",
      "from_period" : 2,
      "to_period" : 2,
      "start_reason" : "Substitution - On (Tactical)",
      "end_reason" : "Tactical Shift"
    }, {
      "position_id" : 11,
      "position" : "Left Defensive Midfield",
      "from" : "62:27",
      "to" : null,
      "from_period" : 2,
      "to_period" : null,
      "start_reason" : "Tactical Shift",
      "end_reason" : "Final Whistle"
    } ]
  }, {
    "player_id" : 39420,
    "player_name" : "Bradley Barcola",
    "player_nickname" : null,
    "jersey_number" : 25,
    "country" : {
      "id" : 78,
      "name" : "France"
    },
    "cards" : [ ],
    "positions" : [ {
      "position_id" : 23,
      "position" : "Center Forward",
      "from" : "61:38",
      "to" : "62:27",
      "from_period" : 2,
      "to_period" : 2,
      "start_reason" : "Substitution - On (Tactical)",
      "end_reason" : "Tactical Shift"
    }, {
      "position_id" : 21,
      "position" : "Left Wing",
      "from" : "62:27",
      "to" : "78:07",
      "from_period" : 2,
      "to_period" : 2,
      "start_reason" : "Tactical Shift",
      "end_reason" : "Tactical Shift"
    }, {
      "position_id" : 16,
      "position" : "Left Midfield",
      "from" : "78:07",
      "to" : null,
      "from_period" : 2,
      "to_period" : null,
      "start_reason" : "Tactical Shift",
      "end_reason" : "Final Whistle"
    } ]
  }, {
    "player_id" : 144059,
    "player_name" : "Warren Zaire Emery",
    "player_nickname" : null,
    "jersey_number" : 18,
    "country" : {
      "id" : 78,
      "name" : "France"
    },
    "cards" : [ ],
    "positions" : [ ]
  } ]
}, {
  "team_id" : 772,
  "team_name" : "Spain",
  "lineup" : [ {
    "player_id" : 3042,
    "player_name" : "Mikel Merino Zazón",
    "player_nickname" : "Mikel Merino",
    "jersey_number" : 6,
    "country" : {
      "id" : 214,
      "name" : "Spain"
    },
    "cards" : [ ],
    "positions" : [ {
      "position_id" : 19,
      "position" : "Center Attacking Midfield",
      "from" : "75:47",
      "to" : "93:33",
      "from_period" : 2,
      "to_period" : 2,
      "start_reason" : "Substitution - On (Tactical)",
      "end_reason" : "Tactical Shift"
    }, {
      "position_id" : 21,
      "position" : "Left Wing",
      "from" : "93:33",
      "to" : null,
      "from_period" : 2,
      "to_period" : null,
      "start_reason" : "Tactical Shift",
      "end_reason" : "Final Whistle"
    } ]
  }, {
    "player_id" : 3076,
    "player_name" : "Ayoze Pérez Gutiérrez",
    "player_nickname" : "Ayoze Pérez",
    "jersey_number" : 26,
    "country" : {
      "id" : 214,
      "name" : "Spain"
    },
    "cards" : [ ],
    "positions" : [ ]
  }, {
    "player_id" : 3265,
    "player_name" : "José Luis Sanmartín Mato",
    "player_nickname" : "Joselu",
    "jersey_number" : 9,
    "country" : {
      "id" : 214,
      "name" : "Spain"
    },
    "cards" : [ ],
    "positions" : [ ]
  }, {
    "player_id" : 3477,
    "player_name" : "Álvaro Borja Morata Martín",
    "player_nickname" : "Álvaro Morata",
    "jersey_number" : 7,
    "country" : {
      "id" : 214,
      "name" : "Spain"
    },
    "cards" : [ ],
    "positions" : [ {
      "position_id" : 23,
      "position" : "Center Forward",
      "from" : "00:00",
      "to" : "76:00",
      "from_period" : 1,
      "to_period" : 2,
      "start_reason" : "Starting XI",
      "end_reason" : "Substitution - Off (Tactical)"
    } ]
  }, {
    "player_id" : 4127,
    "player_name" : "David Raya Martin",
    "player_nickname" : "David Raya",
    "jersey_number" : 1,
    "country" : {
      "id" : 214,
      "name" : "Spain"
    },
    "cards" : [ ],
    "positions" : [ ]
  }, {
    "player_id" : 4353,
    "player_name" : "Aymeric Laporte",
    "player_nickname" : null,
    "jersey_number" : 14,
    "country" : {
      "id" : 214,
      "name" : "Spain"
    },
    "cards" : [ ],
    "positions" : [ {
      "position_id" : 5,
      "position" : "Left Center Back",
      "from" : "00:00",
      "to" : "84:54",
      "from_period" : 1,
      "to_period" : 2,
      "start_reason" : "Starting XI",
      "end_reason" : "Player Off"
    }, {
      "position_id" : 5,
      "position" : "Left Center Back",
      "from" : "85:08",
      "to" : null,
      "from_period" : 2,
      "to_period" : null,
      "start_reason" : "Player On",
      "end_reason" : "Final Whistle"
    } ]
  }, {
    "player_id" : 5202,
    "player_name" : "José Ignacio Fernández Iglesias",
    "player_nickname" : "Nacho",
    "jersey_number" : 4,
    "country" : {
      "id" : 214,
      "name" : "Spain"
    },
    "cards" : [ ],
    "positions" : [ {
      "position_id" : 3,
      "position" : "Right Center Back",
      "from" : "00:00",
      "to" : "57:34",
      "from_period" : 1,
      "to_period" : 2,
      "start_reason" : "Starting XI",
      "end_reason" : "Tactical Shift"
    }, {
      "position_id" : 2,
      "position" : "Right Back",
      "from" : "57:34",
      "to" : null,
      "from_period" : 2,
      "to_period" : null,
      "start_reason" : "Tactical Shift",
      "end_reason" : "Final Whistle"
    } ]
  }, {
    "player_id" : 6655,
    "player_name" : "Fabián Ruiz Peña",
    "player_nickname" : "Fabián Ruiz",
    "jersey_number" : 8,
    "country" : {
      "id" : 214,
      "name" : "Spain"
    },
    "cards" : [ ],
    "positions" : [ {
      "position_id" : 11,
      "position" : "Left Defensive Midfield",
      "from" : "00:00",
      "to" : "93:33",
      "from_period" : 1,
      "to_period" : 2,
      "start_reason" : "Starting XI",
      "end_reason" : "Tactical Shift"
    }, {
      "position_id" : 15,
      "position" : "Left Center Midfield",
      "from" : "93:33",
      "to" : null,
      "from_period" : 2,
      "to_period" : null,
      "start_reason" : "Tactical Shift",
      "end_reason" : "Final Whistle"
    } ]
  }, {
    "player_id" : 6685,
    "player_name" : "Mikel Oyarzabal Ugarte",
    "player_nickname" : "Mikel Oyarzabal",
    "jersey_number" : 21,
    "country" : {
      "id" : 214,
      "name" : "Spain"
    },
    "cards" : [ ],
    "positions" : [ {
      "position_id" : 23,
      "position" : "Center Forward",
      "from" : "76:00",
      "to" : null,
      "from_period" : 2,
      "to_period" : null,
      "start_reason" : "Substitution - On (Tactical)",
      "end_reason" : "Final Whistle"
    } ]
  }, {
    "player_id" : 6748,
    "player_name" : "Ferrán Torres García",
    "player_nickname" : "Ferrán Torres",
    "jersey_number" : 11,
    "country" : {
      "id" : 214,
      "name" : "Spain"
    },
    "cards" : [ ],
    "positions" : [ {
      "position_id" : 17,
      "position" : "Right Wing",
      "from" : "92:58",
      "to" : null,
      "from_period" : 2,
      "to_period" : null,
      "start_reason" : "Substitution - On (Tactical)",
      "end_reason" : "Final Whistle"
    } ]
  }, {
    "player_id" : 6765,
    "player_name" : "Rodrigo Hernández Cascante",
    "player_nickname" : "Rodri",
    "jersey_number" : 16,
    "country" : {
      "id" : 214,
      "name" : "Spain"
    },
    "cards" : [ ],
    "positions" : [ {
      "position_id" : 9,
      "position" : "Right Defensive Midfield",
      "from" : "00:00",
      "to" : "93:33",
      "from_period" : 1,
      "to_period" : 2,
      "start_reason" : "Starting XI",
      "end_reason" : "Tactical Shift"
    }, {
      "position_id" : 10,
      "position" : "Center Defensive Midfield",
      "from" : "93:33",
      "to" : null,
      "from_period" : 2,
      "to_period" : null,
      "start_reason" : "Tactical Shift",
      "end_reason" : "Final Whistle"
    } ]
  }, {
    "player_id" : 6821,
    "player_name" : "Jesús Navas González",
    "player_nickname" : "Jesús Navas",
    "jersey_number" : 22,
    "country" : {
      "id" : 214,
      "name" : "Spain"
    },
    "cards" : [ {
      "time" : "12:59",
      "card_type" : "Yellow Card",
      "reason" : "Foul Committed",
      "period" : 1
    } ],
    "positions" : [ {
      "position_id" : 2,
      "position" : "Right Back",
      "from" : "00:00",
      "to" : "57:17",
      "from_period" : 1,
      "to_period" : 2,
      "start_reason" : "Starting XI",
      "end_reason" : "Substitution - Off (Injury)"
    } ]
  }, {
    "player_id" : 10336,
    "player_name" : "Alejandro Grimaldo García",
    "player_nickname" : "Álex Grimaldo",
    "jersey_number" : 12,
    "country" : {
      "id" : 214,
      "name" : "Spain"
    },
    "cards" : [ ],
    "positions" : [ ]
  }, {
    "player_id" : 11748,
    "player_name" : "Unai Simón Mendibil",
    "player_nickname" : "Unai Simón",
    "jersey_number" : 23,
    "country" : {
      "id" : 214,
      "name" : "Spain"
    },
    "cards" : [ ],
    "positions" : [ {
      "position_id" : 1,
      "position" : "Goalkeeper",
      "from" : "00:00",
      "to" : null,
      "from_period" : 1,
      "to_period" : null,
      "start_reason" : "Starting XI",
      "end_reason" : "Final Whistle"
    } ]
  }, {
    "player_id" : 16532,
    "player_name" : "Daniel Olmo Carvajal",
    "player_nickname" : "Daniel Olmo",
    "jersey_number" : 10,
    "country" : {
      "id" : 214,
      "name" : "Spain"
    },
    "cards" : [ ],
    "positions" : [ {
      "position_id" : 19,
      "position" : "Center Attacking Midfield",
      "from" : "00:00",
      "to" : "75:47",
      "from_period" : 1,
      "to_period" : 2,
      "start_reason" : "Starting XI",
      "end_reason" : "Substitution - Off (Tactical)"
    } ]
  }, {
    "player_id" : 17620,
    "player_name" : "Marc Cucurella Saseta",
    "player_nickname" : "Marc Cucurella",
    "jersey_number" : 24,
    "country" : {
      "id" : 214,
      "name" : "Spain"
    },
    "cards" : [ ],
    "positions" : [ {
      "position_id" : 6,
      "position" : "Left Back",
      "from" : "00:00",
      "to" : null,
      "from_period" : 1,
      "to_period" : null,
      "start_reason" : "Starting XI",
      "end_reason" : "Final Whistle"
    } ]
  }, {
    "player_id" : 24921,
    "player_name" : "Martín Zubimendi Ibáñez",
    "player_nickname" : "Martín Zubimendi",
    "jersey_number" : 18,
    "country" : {
      "id" : 214,
      "name" : "Spain"
    },
    "cards" : [ ],
    "positions" : [ {
      "position_id" : 21,
      "position" : "Left Wing",
      "from" : "93:14",
      "to" : "93:33",
      "from_period" : 2,
      "to_period" : 2,
      "start_reason" : "Substitution - On (Tactical)",
      "end_reason" : "Tactical Shift"
    }, {
      "position_id" : 13,
      "position" : "Right Center Midfield",
      "from" : "93:33",
      "to" : null,
      "from_period" : 2,
      "to_period" : null,
      "start_reason" : "Tactical Shift",
      "end_reason" : "Final Whistle"
    } ]
  }, {
    "player_id" : 32185,
    "player_name" : "Alejandro Remiro Gargallo",
    "player_nickname" : "Álex Remiro",
    "jersey_number" : 13,
    "country" : {
      "id" : 214,
      "name" : "Spain"
    },
    "cards" : [ ],
    "positions" : [ ]
  }, {
    "player_id" : 41115,
    "player_name" : "Alejandro Baena Rodríguez",
    "player_nickname" : "Álex Baena",
    "jersey_number" : 15,
    "country" : {
      "id" : 214,
      "name" : "Spain"
    },
    "cards" : [ ],
    "positions" : [ ]
  }, {
    "player_id" : 41542,
    "player_name" : "Daniel Vivian Moreno",
    "player_nickname" : "Dani Vivian",
    "jersey_number" : 5,
    "country" : {
      "id" : 214,
      "name" : "Spain"
    },
    "cards" : [ ],
    "positions" : [ {
      "position_id" : 2,
      "position" : "Right Back",
      "from" : "57:17",
      "to" : "57:34",
      "from_period" : 2,
      "to_period" : 2,
      "start_reason" : "Substitution - On (Injury)",
      "end_reason" : "Tactical Shift"
    }, {
      "position_id" : 3,
      "position" : "Right Center Back",
      "from" : "57:34",
      "to" : null,
      "from_period" : 2,
      "to_period" : null,
      "start_reason" : "Tactical Shift",
      "end_reason" : "Final Whistle"
    } ]
  }, {
    "player_id" : 68574,
    "player_name" : "Nicholas Williams Arthuer",
    "player_nickname" : "Nico Williams",
    "jersey_number" : 17,
    "country" : {
      "id" : 214,
      "name" : "Spain"
    },
    "cards" : [ ],
    "positions" : [ {
      "position_id" : 21,
      "position" : "Left Wing",
      "from" : "00:00",
      "to" : "93:14",
      "from_period" : 1,
      "to_period" : 2,
      "start_reason" : "Starting XI",
      "end_reason" : "Substitution - Off (Tactical)"
    } ]
  }, {
    "player_id" : 143864,
    "player_name" : "Fermin Lopez Marin",
    "player_nickname" : "Fermín López",
    "jersey_number" : 25,
    "country" : {
      "id" : 214,
      "name" : "Spain"
    },
    "cards" : [ ],
    "positions" : [ ]
  }, {
    "player_id" : 316046,
    "player_name" : "Lamine Yamal Nasraoui Ebana",
    "player_nickname" : "Lamine Yamal",
    "jersey_number" : 19,
    "country" : {
      "id" : 214,
      "name" : "Spain"
    },
    "cards" : [ {
      "time" : "90:12",
      "card_type" : "Yellow Card",
      "reason" : "Foul Committed",
      "period" : 2
    } ],
    "positions" : [ {
      "position_id" : 17,
      "position" : "Right Wing",
      "from" : "00:00",
      "to" : "92:58",
      "from_period" : 1,
      "to_period" : 2,
      "start_reason" : "Starting XI",
      "end_reason" : "Substitution - Off (Tactical)"
    } ]
  } ]
} ]