[ {
  "team_id" : 772,
  "team_name" : "Spain",
  "lineup" : [ {
    "player_id" : 3042,
    "player_name" : "Mikel Merino Zazón",
    "player_nickname" : "Mikel Merino",
    "jersey_number" : 6,
    "country" : {
      "id" : 214,
      "name" : "Spain"
    },
    "cards" : [ ],
    "positions" : [ {
      "position_id" : 11,
      "position" : "Left Defensive Midfield",
      "from" : "102:08",
      "to" : "79:10",
      "from_period" : 3,
      "to_period" : 2,
      "start_reason" : "Tactical Shift",
      "end_reason" : "Substitution - On (Tactical)"
    }, {
      "position_id" : 21,
      "position" : "Left Wing",
      "from" : "79:10",
      "to" : "79:46",
      "from_period" : 2,
      "to_period" : 2,
      "start_reason" : "Substitution - On (Tactical)",
      "end_reason" : "Tactical Shift"
    }, {
      "position_id" : 13,
      "position" : "Right Center Midfield",
      "from" : "79:46",
      "to" : null,
      "from_period" : 2,
      "to_period" : null,
      "start_reason" : "Tactical Shift",
      "end_reason" : "Final Whistle"
    } ]
  }, {
    "player_id" : 3076,
    "player_name" : "Ayoze Pérez Gutiérrez",
    "player_nickname" : "Ayoze Pérez",
    "jersey_number" : 26,
    "country" : {
      "id" : 214,
      "name" : "Spain"
    },
    "cards" : [ ],
    "positions" : [ ]
  }, {
    "player_id" : 3265,
    "player_name" : "José Luis Sanmartín Mato",
    "player_nickname" : "Joselu",
    "jersey_number" : 9,
    "country" : {
      "id" : 214,
      "name" : "Spain"
    },
    "cards" : [ ],
    "positions" : [ {
      "position_id" : 15,
      "position" : "Left Center Midfield",
      "from" : "101:47",
      "to" : "102:08",
      "from_period" : 3,
      "to_period" : 3,
      "start_reason" : "Substitution - On (Injury)",
      "end_reason" : "Tactical Shift"
    }, {
      "position_id" : 24,
      "position" : "Left Center Forward",
      "from" : "102:08",
      "to" : null,
      "from_period" : 3,
      "to_period" : null,
      "start_reason" : "Tactical Shift",
      "end_reason" : "Final Whistle"
    } ]
  }, {
    "player_id" : 3477,
    "player_name" : "Álvaro Borja Morata Martín",
    "player_nickname" : "Álvaro Morata",
    "jersey_number" : 7,
    "country" : {
      "id" : 214,
      "name" : "Spain"
    },
    "cards" : [ ],
    "positions" : [ {
      "position_id" : 23,
      "position" : "Center Forward",
      "from" : "00:00",
      "to" : "79:10",
      "from_period" : 1,
      "to_period" : 2,
      "start_reason" : "Starting XI",
      "end_reason" : "Substitution - Off (Tactical)"
    } ]
  }, {
    "player_id" : 4127,
    "player_name" : "David Raya Martin",
    "player_nickname" : "David Raya",
    "jersey_number" : 1,
    "country" : {
      "id" : 214,
      "name" : "Spain"
    },
    "cards" : [ ],
    "positions" : [ ]
  }, {
    "player_id" : 4353,
    "player_name" : "Aymeric Laporte",
    "player_nickname" : null,
    "jersey_number" : 14,
    "country" : {
      "id" : 214,
      "name" : "Spain"
    },
    "cards" : [ ],
    "positions" : [ {
      "position_id" : 5,
      "position" : "Left Center Back",
      "from" : "00:00",
      "to" : null,
      "from_period" : 1,
      "to_period" : null,
      "start_reason" : "Starting XI",
      "end_reason" : "Final Whistle"
    } ]
  }, {
    "player_id" : 5202,
    "player_name" : "José Ignacio Fernández Iglesias",
    "player_nickname" : "Nacho",
    "jersey_number" : 4,
    "country" : {
      "id" : 214,
      "name" : "Spain"
    },
    "cards" : [ ],
    "positions" : [ {
      "position_id" : 3,
      "position" : "Right Center Back",
      "from" : "102:08",
      "to" : null,
      "from_period" : 3,
      "to_period" : null,
      "start_reason" : "Tactical Shift",
      "end_reason" : "Final Whistle"
    } ]
  }, {
    "player_id" : 5721,
    "player_name" : "Daniel Carvajal Ramos",
    "player_nickname" : "Daniel Carvajal",
    "jersey_number" : 2,
    "country" : {
      "id" : 214,
      "name" : "Spain"
    },
    "cards" : [ {
      "time" : "12:55",
      "card_type" : "Second Yellow",
      "reason" : "Foul Committed",
      "period" : 4
    }, {
      "time" : "99:30",
      "card_type" : "Yellow Card",
      "reason" : "Foul Committed",
      "period" : 3
    } ],
    "positions" : [ {
      "position_id" : 2,
      "position" : "Right Back",
      "from" : "00:00",
      "to" : "124:55",
      "from_period" : 1,
      "to_period" : 4,
      "start_reason" : "Starting XI",
      "end_reason" : "Foul Committed (Second Yellow)"
    }, {
      "position_id" : 2,
      "position" : "Right Back",
      "from" : "79:46",
      "to" : null,
      "from_period" : 2,
      "to_period" : null,
      "start_reason" : "Tactical Shift",
      "end_reason" : "Final Whistle"
    } ]
  }, {
    "player_id" : 6655,
    "player_name" : "Fabián Ruiz Peña",
    "player_nickname" : "Fabián Ruiz",
    "jersey_number" : 8,
    "country" : {
      "id" : 214,
      "name" : "Spain"
    },
    "cards" : [ {
      "time" : "12:33",
      "card_type" : "Yellow Card",
      "reason" : "Bad Behaviour",
      "period" : 4
    } ],
    "positions" : [ {
      "position_id" : 15,
      "position" : "Left Center Midfield",
      "from" : "00:00",
      "to" : "101:47",
      "from_period" : 1,
      "to_period" : 3,
      "start_reason" : "Starting XI",
      "end_reason" : "Substitution - Off (Injury)"
    }, {
      "position_id" : 15,
      "position" : "Left Center Midfield",
      "from" : "79:46",
      "to" : null,
      "from_period" : 2,
      "to_period" : null,
      "start_reason" : "Tactical Shift",
      "end_reason" : "Final Whistle"
    } ]
  }, {
    "player_id" : 6685,
    "player_name" : "Mikel Oyarzabal Ugarte",
    "player_nickname" : "Mikel Oyarzabal",
    "jersey_number" : 21,
    "country" : {
      "id" : 214,
      "name" : "Spain"
    },
    "cards" : [ ],
    "positions" : [ {
      "position_id" : 22,
      "position" : "Right Center Forward",
      "from" : "102:08",
      "to" : "79:10",
      "from_period" : 3,
      "to_period" : 2,
      "start_reason" : "Tactical Shift",
      "end_reason" : "Substitution - On (Tactical)"
    }, {
      "position_id" : 23,
      "position" : "Center Forward",
      "from" : "79:10",
      "to" : null,
      "from_period" : 2,
      "to_period" : null,
      "start_reason" : "Substitution - On (Tactical)",
      "end_reason" : "Final Whistle"
    } ]
  }, {
    "player_id" : 6748,
    "player_name" : "Ferrán Torres García",
    "player_nickname" : "Ferrán Torres",
    "jersey_number" : 11,
    "country" : {
      "id" : 214,
      "name" : "Spain"
    },
    "cards" : [ {
      "time" : "73:49",
      "card_type" : "Yellow Card",
      "reason" : "Foul Committed",
      "period" : 2
    } ],
    "positions" : [ {
      "position_id" : 12,
      "position" : "Right Midfield",
      "from" : "102:08",
      "to" : "62:29",
      "from_period" : 3,
      "to_period" : 2,
      "start_reason" : "Tactical Shift",
      "end_reason" : "Substitution - On (Tactical)"
    }, {
      "position_id" : 17,
      "position" : "Right Wing",
      "from" : "62:29",
      "to" : null,
      "from_period" : 2,
      "to_period" : null,
      "start_reason" : "Substitution - On (Tactical)",
      "end_reason" : "Final Whistle"
    } ]
  }, {
    "player_id" : 6765,
    "player_name" : "Rodrigo Hernández Cascante",
    "player_nickname" : "Rodri",
    "jersey_number" : 16,
    "country" : {
      "id" : 214,
      "name" : "Spain"
    },
    "cards" : [ {
      "time" : "10:15",
      "card_type" : "Yellow Card",
      "reason" : "Foul Committed",
      "period" : 4
    } ],
    "positions" : [ {
      "position_id" : 10,
      "position" : "Center Defensive Midfield",
      "from" : "00:00",
      "to" : "102:08",
      "from_period" : 1,
      "to_period" : 3,
      "start_reason" : "Starting XI",
      "end_reason" : "Tactical Shift"
    }, {
      "position_id" : 9,
      "position" : "Right Defensive Midfield",
      "from" : "102:08",
      "to" : "79:46",
      "from_period" : 3,
      "to_period" : 2,
      "start_reason" : "Tactical Shift",
      "end_reason" : "Tactical Shift"
    }, {
      "position_id" : 10,
      "position" : "Center Defensive Midfield",
      "from" : "79:46",
      "to" : null,
      "from_period" : 2,
      "to_period" : null,
      "start_reason" : "Tactical Shift",
      "end_reason" : "Final Whistle"
    } ]
  }, {
    "player_id" : 6821,
    "player_name" : "Jesús Navas González",
    "player_nickname" : "Jesús Navas",
    "jersey_number" : 22,
    "country" : {
      "id" : 214,
      "name" : "Spain"
    },
    "cards" : [ ],
    "positions" : [ ]
  }, {
    "player_id" : 10336,
    "player_name" : "Alejandro Grimaldo García",
    "player_nickname" : "Álex Grimaldo",
    "jersey_number" : 12,
    "country" : {
      "id" : 214,
      "name" : "Spain"
    },
    "cards" : [ ],
    "positions" : [ ]
  }, {
    "player_id" : 11748,
    "player_name" : "Unai Simón Mendibil",
    "player_nickname" : "Unai Simón",
    "jersey_number" : 23,
    "country" : {
      "id" : 214,
      "name" : "Spain"
    },
    "cards" : [ {
      "time" : "81:20",
      "card_type" : "Yellow Card",
      "reason" : "Bad Behaviour",
      "period" : 2
    } ],
    "positions" : [ {
      "position_id" : 1,
      "position" : "Goalkeeper",
      "from" : "00:00",
      "to" : null,
      "from_period" : 1,
      "to_period" : null,
      "start_reason" : "Starting XI",
      "end_reason" : "Final Whistle"
    } ]
  }, {
    "player_id" : 16532,
    "player_name" : "Daniel Olmo Carvajal",
    "player_nickname" : "Daniel Olmo",
    "jersey_number" : 10,
    "country" : {
      "id" : 214,
      "name" : "Spain"
    },
    "cards" : [ ],
    "positions" : [ {
      "position_id" : 13,
      "position" : "Right Center Midfield",
      "from" : "07:43",
      "to" : "102:08",
      "from_period" : 1,
      "to_period" : 3,
      "start_reason" : "Substitution - On (Injury)",
      "end_reason" : "Tactical Shift"
    }, {
      "position_id" : 16,
      "position" : "Left Midfield",
      "from" : "102:08",
      "to" : "79:46",
      "from_period" : 3,
      "to_period" : 2,
      "start_reason" : "Tactical Shift",
      "end_reason" : "Tactical Shift"
    }, {
      "position_id" : 21,
      "position" : "Left Wing",
      "from" : "79:46",
      "to" : null,
      "from_period" : 2,
      "to_period" : null,
      "start_reason" : "Tactical Shift",
      "end_reason" : "Final Whistle"
    } ]
  }, {
    "player_id" : 17620,
    "player_name" : "Marc Cucurella Saseta",
    "player_nickname" : "Marc Cucurella",
    "jersey_number" : 24,
    "country" : {
      "id" : 214,
      "name" : "Spain"
    },
    "cards" : [ ],
    "positions" : [ {
      "position_id" : 6,
      "position" : "Left Back",
      "from" : "00:00",
      "to" : null,
      "from_period" : 1,
      "to_period" : null,
      "start_reason" : "Starting XI",
      "end_reason" : "Final Whistle"
    } ]
  }, {
    "player_id" : 22128,
    "player_name" : "Robin Aime Robert Le Normand",
    "player_nickname" : "Robin Le Normand",
    "jersey_number" : 3,
    "country" : {
      "id" : 214,
      "name" : "Spain"
    },
    "cards" : [ {
      "time" : "28:52",
      "card_type" : "Yellow Card",
      "reason" : "Foul Committed",
      "period" : 1
    } ],
    "positions" : [ {
      "position_id" : 3,
      "position" : "Right Center Back",
      "from" : "00:00",
      "to" : "45:00",
      "from_period" : 1,
      "to_period" : 2,
      "start_reason" : "Starting XI",
      "end_reason" : "Substitution - Off (Tactical)"
    } ]
  }, {
    "player_id" : 24921,
    "player_name" : "Martín Zubimendi Ibáñez",
    "player_nickname" : "Martín Zubimendi",
    "jersey_number" : 18,
    "country" : {
      "id" : 214,
      "name" : "Spain"
    },
    "cards" : [ ],
    "positions" : [ ]
  }, {
    "player_id" : 30486,
    "player_name" : "Pedro González López",
    "player_nickname" : "Pedri",
    "jersey_number" : 20,
    "country" : {
      "id" : 214,
      "name" : "Spain"
    },
    "cards" : [ ],
    "positions" : [ {
      "position_id" : 13,
      "position" : "Right Center Midfield",
      "from" : "00:00",
      "to" : "04:41",
      "from_period" : 1,
      "to_period" : 1,
      "start_reason" : "Starting XI",
      "end_reason" : "Player Off"
    }, {
      "position_id" : 13,
      "position" : "Right Center Midfield",
      "from" : "04:56",
      "to" : "07:43",
      "from_period" : 1,
      "to_period" : 1,
      "start_reason" : "Player On",
      "end_reason" : "Substitution - Off (Injury)"
    } ]
  }, {
    "player_id" : 32185,
    "player_name" : "Alejandro Remiro Gargallo",
    "player_nickname" : "Álex Remiro",
    "jersey_number" : 13,
    "country" : {
      "id" : 214,
      "name" : "Spain"
    },
    "cards" : [ ],
    "positions" : [ ]
  }, {
    "player_id" : 41115,
    "player_name" : "Alejandro Baena Rodríguez",
    "player_nickname" : "Álex Baena",
    "jersey_number" : 15,
    "country" : {
      "id" : 214,
      "name" : "Spain"
    },
    "cards" : [ ],
    "positions" : [ ]
  }, {
    "player_id" : 41542,
    "player_name" : "Daniel Vivian Moreno",
    "player_nickname" : "Dani Vivian",
    "jersey_number" : 5,
    "country" : {
      "id" : 214,
      "name" : "Spain"
    },
    "cards" : [ ],
    "positions" : [ ]
  }, {
    "player_id" : 68574,
    "player_name" : "Nicholas Williams Arthuer",
    "player_nickname" : "Nico Williams",
    "jersey_number" : 17,
    "country" : {
      "id" : 214,
      "name" : "Spain"
    },
    "cards" : [ ],
    "positions" : [ {
      "position_id" : 21,
      "position" : "Left Wing",
      "from" : "00:00",
      "to" : "79:10",
      "from_period" : 1,
      "to_period" : 2,
      "start_reason" : "Starting XI",
      "end_reason" : "Substitution - Off (Tactical)"
    } ]
  }, {
    "player_id" : 143864,
    "player_name" : "Fermin Lopez Marin",
    "player_nickname" : "Fermín López",
    "jersey_number" : 25,
    "country" : {
      "id" : 214,
      "name" : "Spain"
    },
    "cards" : [ ],
    "positions" : [ ]
  }, {
    "player_id" : 316046,
    "player_name" : "Lamine Yamal Nasraoui Ebana",
    "player_nickname" : "Lamine Yamal",
    "jersey_number" : 19,
    "country" : {
      "id" : 214,
      "name" : "Spain"
    },
    "cards" : [ ],
    "positions" : [ {
      "position_id" : 17,
      "position" : "Right Wing",
      "from" : "00:00",
      "to" : "62:29",
      "from_period" : 1,
      "to_period" : 2,
      "start_reason" : "Starting XI",
      "end_reason" : "Substitution - Off (Tactical)"
    } ]
  } ]
}, {
  "team_id" : 770,
  "team_name" : "Germany",
  "lineup" : [ {
    "player_id" : 3053,
    "player_name" : "Leroy Sané",
    "player_nickname" : null,
    "jersey_number" : 19,
    "country" : {
      "id" : 85,
      "name" : "Germany"
    },
    "cards" : [ ],
    "positions" : [ {
      "position_id" : 17,
      "position" : "Right Wing",
      "from" : "00:00",
      "to" : "45:00",
      "from_period" : 1,
      "to_period" : 2,
      "start_reason" : "Starting XI",
      "end_reason" : "Substitution - Off (Tactical)"
    } ]
  }, {
    "player_id" : 3097,
    "player_name" : "Pascal Groß",
    "player_nickname" : null,
    "jersey_number" : 5,
    "country" : {
      "id" : 85,
      "name" : "Germany"
    },
    "cards" : [ ],
    "positions" : [ ]
  }, {
    "player_id" : 3167,
    "player_name" : "Antonio Rüdiger",
    "player_nickname" : null,
    "jersey_number" : 2,
    "country" : {
      "id" : 85,
      "name" : "Germany"
    },
    "cards" : [ {
      "time" : "12:49",
      "card_type" : "Yellow Card",
      "reason" : "Foul Committed",
      "period" : 1
    } ],
    "positions" : [ {
      "position_id" : 3,
      "position" : "Right Center Back",
      "from" : "00:00",
      "to" : null,
      "from_period" : 1,
      "to_period" : null,
      "start_reason" : "Starting XI",
      "end_reason" : "Final Whistle"
    } ]
  }, {
    "player_id" : 3493,
    "player_name" : "Emre Can",
    "player_nickname" : null,
    "jersey_number" : 25,
    "country" : {
      "id" : 85,
      "name" : "Germany"
    },
    "cards" : [ ],
    "positions" : [ {
      "position_id" : 9,
      "position" : "Right Defensive Midfield",
      "from" : "00:00",
      "to" : "45:00",
      "from_period" : 1,
      "to_period" : 2,
      "start_reason" : "Starting XI",
      "end_reason" : "Substitution - Off (Tactical)"
    } ]
  }, {
    "player_id" : 5562,
    "player_name" : "Thomas Müller",
    "player_nickname" : null,
    "jersey_number" : 13,
    "country" : {
      "id" : 85,
      "name" : "Germany"
    },
    "cards" : [ ],
    "positions" : [ {
      "position_id" : 19,
      "position" : "Center Attacking Midfield",
      "from" : "79:45",
      "to" : "79:45",
      "from_period" : 2,
      "to_period" : 2,
      "start_reason" : "Tactical Shift",
      "end_reason" : "Substitution - On (Tactical)"
    }, {
      "position_id" : 5,
      "position" : "Left Center Back",
      "from" : "79:45",
      "to" : "90:00",
      "from_period" : 2,
      "to_period" : 3,
      "start_reason" : "Substitution - On (Tactical)",
      "end_reason" : "Tactical Shift"
    }, {
      "position_id" : 24,
      "position" : "Left Center Forward",
      "from" : "90:00",
      "to" : null,
      "from_period" : 3,
      "to_period" : null,
      "start_reason" : "Tactical Shift",
      "end_reason" : "Final Whistle"
    } ]
  }, {
    "player_id" : 5570,
    "player_name" : "Manuel Neuer",
    "player_nickname" : null,
    "jersey_number" : 1,
    "country" : {
      "id" : 85,
      "name" : "Germany"
    },
    "cards" : [ ],
    "positions" : [ {
      "position_id" : 1,
      "position" : "Goalkeeper",
      "from" : "00:00",
      "to" : null,
      "from_period" : 1,
      "to_period" : null,
      "start_reason" : "Starting XI",
      "end_reason" : "Final Whistle"
    } ]
  }, {
    "player_id" : 5574,
    "player_name" : "Toni Kroos",
    "player_nickname" : null,
    "jersey_number" : 8,
    "country" : {
      "id" : 85,
      "name" : "Germany"
    },
    "cards" : [ {
      "time" : "66:31",
      "card_type" : "Yellow Card",
      "reason" : "Foul Committed",
      "period" : 2
    } ],
    "positions" : [ {
      "position_id" : 11,
      "position" : "Left Defensive Midfield",
      "from" : "00:00",
      "to" : "79:45",
      "from_period" : 1,
      "to_period" : 2,
      "start_reason" : "Starting XI",
      "end_reason" : "Tactical Shift"
    }, {
      "position_id" : 10,
      "position" : "Center Defensive Midfield",
      "from" : "79:45",
      "to" : "90:00",
      "from_period" : 2,
      "to_period" : 3,
      "start_reason" : "Tactical Shift",
      "end_reason" : "Tactical Shift"
    }, {
      "position_id" : 11,
      "position" : "Left Defensive Midfield",
      "from" : "90:00",
      "to" : null,
      "from_period" : 3,
      "to_period" : null,
      "start_reason" : "Tactical Shift",
      "end_reason" : "Final Whistle"
    } ]
  }, {
    "player_id" : 5579,
    "player_name" : "Joshua Kimmich",
    "player_nickname" : null,
    "jersey_number" : 6,
    "country" : {
      "id" : 85,
      "name" : "Germany"
    },
    "cards" : [ ],
    "positions" : [ {
      "position_id" : 2,
      "position" : "Right Back",
      "from" : "00:00",
      "to" : null,
      "from_period" : 1,
      "to_period" : null,
      "start_reason" : "Starting XI",
      "end_reason" : "Final Whistle"
    } ]
  }, {
    "player_id" : 8211,
    "player_name" : "Benjamin Henrichs",
    "player_nickname" : null,
    "jersey_number" : 20,
    "country" : {
      "id" : 85,
      "name" : "Germany"
    },
    "cards" : [ ],
    "positions" : [ ]
  }, {
    "player_id" : 8221,
    "player_name" : "Jonathan Tah",
    "player_nickname" : null,
    "jersey_number" : 4,
    "country" : {
      "id" : 85,
      "name" : "Germany"
    },
    "cards" : [ ],
    "positions" : [ {
      "position_id" : 5,
      "position" : "Left Center Back",
      "from" : "00:00",
      "to" : "79:45",
      "from_period" : 1,
      "to_period" : 2,
      "start_reason" : "Starting XI",
      "end_reason" : "Substitution - Off (Tactical)"
    } ]
  }, {
    "player_id" : 8393,
    "player_name" : "Oliver Baumann",
    "player_nickname" : null,
    "jersey_number" : 12,
    "country" : {
      "id" : 85,
      "name" : "Germany"
    },
    "cards" : [ ],
    "positions" : [ ]
  }, {
    "player_id" : 8538,
    "player_name" : "Waldemar Anton",
    "player_nickname" : null,
    "jersey_number" : 16,
    "country" : {
      "id" : 85,
      "name" : "Germany"
    },
    "cards" : [ ],
    "positions" : [ {
      "position_id" : 5,
      "position" : "Left Center Back",
      "from" : "90:00",
      "to" : "90:00",
      "from_period" : 3,
      "to_period" : 3,
      "start_reason" : "Tactical Shift",
      "end_reason" : "Substitution - On (Tactical)"
    }, {
      "position_id" : 22,
      "position" : "Right Center Forward",
      "from" : "90:00",
      "to" : null,
      "from_period" : 3,
      "to_period" : null,
      "start_reason" : "Substitution - On (Tactical)",
      "end_reason" : "Final Whistle"
    } ]
  }, {
    "player_id" : 8546,
    "player_name" : "Niclas Füllkrug",
    "player_nickname" : null,
    "jersey_number" : 9,
    "country" : {
      "id" : 85,
      "name" : "Germany"
    },
    "cards" : [ ],
    "positions" : [ {
      "position_id" : 19,
      "position" : "Center Attacking Midfield",
      "from" : "56:37",
      "to" : "56:56",
      "from_period" : 2,
      "to_period" : 2,
      "start_reason" : "Substitution - On (Tactical)",
      "end_reason" : "Tactical Shift"
    }, {
      "position_id" : 23,
      "position" : "Center Forward",
      "from" : "56:56",
      "to" : "79:45",
      "from_period" : 2,
      "to_period" : 2,
      "start_reason" : "Tactical Shift",
      "end_reason" : "Tactical Shift"
    }, {
      "position_id" : 24,
      "position" : "Left Center Forward",
      "from" : "79:45",
      "to" : "90:00",
      "from_period" : 2,
      "to_period" : 3,
      "start_reason" : "Tactical Shift",
      "end_reason" : "Tactical Shift"
    }, {
      "position_id" : 22,
      "position" : "Right Center Forward",
      "from" : "90:00",
      "to" : null,
      "from_period" : 3,
      "to_period" : null,
      "start_reason" : "Tactical Shift",
      "end_reason" : "Final Whistle"
    } ]
  }, {
    "player_id" : 8966,
    "player_name" : "Kai Havertz",
    "player_nickname" : null,
    "jersey_number" : 7,
    "country" : {
      "id" : 85,
      "name" : "Germany"
    },
    "cards" : [ ],
    "positions" : [ {
      "position_id" : 23,
      "position" : "Center Forward",
      "from" : "00:00",
      "to" : "56:56",
      "from_period" : 1,
      "to_period" : 2,
      "start_reason" : "Starting XI",
      "end_reason" : "Tactical Shift"
    }, {
      "position_id" : 19,
      "position" : "Center Attacking Midfield",
      "from" : "56:56",
      "to" : "79:45",
      "from_period" : 2,
      "to_period" : 2,
      "start_reason" : "Tactical Shift",
      "end_reason" : "Tactical Shift"
    }, {
      "position_id" : 22,
      "position" : "Right Center Forward",
      "from" : "79:45",
      "to" : "90:00",
      "from_period" : 2,
      "to_period" : 3,
      "start_reason" : "Tactical Shift",
      "end_reason" : "Substitution - Off (Tactical)"
    } ]
  }, {
    "player_id" : 9195,
    "player_name" : "Robert Andrich",
    "player_nickname" : null,
    "jersey_number" : 23,
    "country" : {
      "id" : 85,
      "name" : "Germany"
    },
    "cards" : [ {
      "time" : "55:39",
      "card_type" : "Yellow Card",
      "reason" : "Foul Committed",
      "period" : 2
    } ],
    "positions" : [ {
      "position_id" : 9,
      "position" : "Right Defensive Midfield",
      "from" : "45:00",
      "to" : "79:45",
      "from_period" : 2,
      "to_period" : 2,
      "start_reason" : "Substitution - On (Tactical)",
      "end_reason" : "Tactical Shift"
    }, {
      "position_id" : 5,
      "position" : "Left Center Back",
      "from" : "79:45",
      "to" : "90:00",
      "from_period" : 2,
      "to_period" : 3,
      "start_reason" : "Tactical Shift",
      "end_reason" : "Tactical Shift"
    }, {
      "position_id" : 9,
      "position" : "Right Defensive Midfield",
      "from" : "90:00",
      "to" : null,
      "from_period" : 3,
      "to_period" : null,
      "start_reason" : "Tactical Shift",
      "end_reason" : "Final Whistle"
    } ]
  }, {
    "player_id" : 10287,
    "player_name" : "İlkay Gündoğan",
    "player_nickname" : null,
    "jersey_number" : 21,
    "country" : {
      "id" : 85,
      "name" : "Germany"
    },
    "cards" : [ ],
    "positions" : [ {
      "position_id" : 19,
      "position" : "Center Attacking Midfield",
      "from" : "00:00",
      "to" : "56:37",
      "from_period" : 1,
      "to_period" : 2,
      "start_reason" : "Starting XI",
      "end_reason" : "Substitution - Off (Tactical)"
    } ]
  }, {
    "player_id" : 12034,
    "player_name" : "David Raum",
    "player_nickname" : null,
    "jersey_number" : 3,
    "country" : {
      "id" : 85,
      "name" : "Germany"
    },
    "cards" : [ {
      "time" : "27:06",
      "card_type" : "Yellow Card",
      "reason" : "Foul Committed",
      "period" : 1
    } ],
    "positions" : [ {
      "position_id" : 6,
      "position" : "Left Back",
      "from" : "00:00",
      "to" : "56:13",
      "from_period" : 1,
      "to_period" : 2,
      "start_reason" : "Starting XI",
      "end_reason" : "Substitution - Off (Tactical)"
    } ]
  }, {
    "player_id" : 12407,
    "player_name" : "Maximilian Mittelstädt",
    "player_nickname" : null,
    "jersey_number" : 18,
    "country" : {
      "id" : 85,
      "name" : "Germany"
    },
    "cards" : [ {
      "time" : "72:42",
      "card_type" : "Yellow Card",
      "reason" : "Bad Behaviour",
      "period" : 2
    } ],
    "positions" : [ {
      "position_id" : 6,
      "position" : "Left Back",
      "from" : "56:13",
      "to" : null,
      "from_period" : 2,
      "to_period" : null,
      "start_reason" : "Substitution - On (Tactical)",
      "end_reason" : "Final Whistle"
    } ]
  }, {
    "player_id" : 13294,
    "player_name" : "Robin Koch",
    "player_nickname" : null,
    "jersey_number" : 24,
    "country" : {
      "id" : 85,
      "name" : "Germany"
    },
    "cards" : [ ],
    "positions" : [ ]
  }, {
    "player_id" : 20055,
    "player_name" : "Marc-André ter Stegen",
    "player_nickname" : "Marc-André ter Stegen",
    "jersey_number" : 22,
    "country" : {
      "id" : 85,
      "name" : "Germany"
    },
    "cards" : [ ],
    "positions" : [ ]
  }, {
    "player_id" : 23614,
    "player_name" : "Chris Führich",
    "player_nickname" : null,
    "jersey_number" : 11,
    "country" : {
      "id" : 85,
      "name" : "Germany"
    },
    "cards" : [ ],
    "positions" : [ ]
  }, {
    "player_id" : 24118,
    "player_name" : "Nico Schlotterbeck",
    "player_nickname" : null,
    "jersey_number" : 15,
    "country" : {
      "id" : 85,
      "name" : "Germany"
    },
    "cards" : [ {
      "time" : "91:46",
      "card_type" : "Yellow Card",
      "reason" : "Bad Behaviour",
      "period" : 2
    } ],
    "positions" : [ ]
  }, {
    "player_id" : 35242,
    "player_name" : "Maximilian Beier",
    "player_nickname" : null,
    "jersey_number" : 14,
    "country" : {
      "id" : 85,
      "name" : "Germany"
    },
    "cards" : [ ],
    "positions" : [ ]
  }, {
    "player_id" : 39565,
    "player_name" : "Jamal Musiala",
    "player_nickname" : null,
    "jersey_number" : 10,
    "country" : {
      "id" : 85,
      "name" : "Germany"
    },
    "cards" : [ ],
    "positions" : [ {
      "position_id" : 21,
      "position" : "Left Wing",
      "from" : "00:00",
      "to" : "79:45",
      "from_period" : 1,
      "to_period" : 2,
      "start_reason" : "Starting XI",
      "end_reason" : "Tactical Shift"
    }, {
      "position_id" : 15,
      "position" : "Left Center Midfield",
      "from" : "79:45",
      "to" : "90:00",
      "from_period" : 2,
      "to_period" : 3,
      "start_reason" : "Tactical Shift",
      "end_reason" : "Tactical Shift"
    }, {
      "position_id" : 16,
      "position" : "Left Midfield",
      "from" : "90:00",
      "to" : null,
      "from_period" : 3,
      "to_period" : null,
      "start_reason" : "Tactical Shift",
      "end_reason" : "Final Whistle"
    } ]
  }, {
    "player_id" : 40724,
    "player_name" : "Florian Wirtz",
    "player_nickname" : null,
    "jersey_number" : 17,
    "country" : {
      "id" : 85,
      "name" : "Germany"
    },
    "cards" : [ {
      "time" : "93:10",
      "card_type" : "Yellow Card",
      "reason" : "Foul Committed",
      "period" : 3
    } ],
    "positions" : [ {
      "position_id" : 17,
      "position" : "Right Wing",
      "from" : "45:00",
      "to" : "79:45",
      "from_period" : 2,
      "to_period" : 2,
      "start_reason" : "Substitution - On (Tactical)",
      "end_reason" : "Tactical Shift"
    }, {
      "position_id" : 13,
      "position" : "Right Center Midfield",
      "from" : "79:45",
      "to" : "90:00",
      "from_period" : 2,
      "to_period" : 3,
      "start_reason" : "Tactical Shift",
      "end_reason" : "Tactical Shift"
    }, {
      "position_id" : 12,
      "position" : "Right Midfield",
      "from" : "90:00",
      "to" : null,
      "from_period" : 3,
      "to_period" : null,
      "start_reason" : "Tactical Shift",
      "end_reason" : "Final Whistle"
    } ]
  }, {
    "player_id" : 131243,
    "player_name" : "Deniz Undav",
    "player_nickname" : null,
    "jersey_number" : 26,
    "country" : {
      "id" : 85,
      "name" : "Germany"
    },
    "cards" : [ {
      "time" : "11:18",
      "card_type" : "Yellow Card",
      "reason" : "Bad Behaviour",
      "period" : 4
    } ],
    "positions" : [ ]
  } ]
} ]