[ {
  "team_id" : 772,
  "team_name" : "Spain",
  "lineup" : [ {
    "player_id" : 3042,
    "player_name" : "Mikel Merino Zazón",
    "player_nickname" : "Mikel Merino",
    "jersey_number" : 6,
    "country" : {
      "id" : 214,
      "name" : "Spain"
    },
    "cards" : [ ],
    "positions" : [ {
      "position_id" : 17,
      "position" : "Right Wing",
      "from" : "88:40",
      "to" : "89:54",
      "from_period" : 2,
      "to_period" : 2,
      "start_reason" : "Substitution - On (Tactical)",
      "end_reason" : "Tactical Shift"
    }, {
      "position_id" : 19,
      "position" : "Center Attacking Midfield",
      "from" : "89:54",
      "to" : null,
      "from_period" : 2,
      "to_period" : null,
      "start_reason" : "Tactical Shift",
      "end_reason" : "Final Whistle"
    } ]
  }, {
    "player_id" : 3265,
    "player_name" : "José Luis Sanmartín Mato",
    "player_nickname" : "Joselu",
    "jersey_number" : 9,
    "country" : {
      "id" : 214,
      "name" : "Spain"
    },
    "cards" : [ ],
    "positions" : [ ]
  }, {
    "player_id" : 3477,
    "player_name" : "Álvaro Borja Morata Martín",
    "player_nickname" : "Álvaro Morata",
    "jersey_number" : 7,
    "country" : {
      "id" : 214,
      "name" : "Spain"
    },
    "cards" : [ ],
    "positions" : [ {
      "position_id" : 23,
      "position" : "Center Forward",
      "from" : "00:00",
      "to" : "67:19",
      "from_period" : 1,
      "to_period" : 2,
      "start_reason" : "Starting XI",
      "end_reason" : "Substitution - Off (Tactical)"
    } ]
  }, {
    "player_id" : 4127,
    "player_name" : "David Raya Martin",
    "player_nickname" : "David Raya",
    "jersey_number" : 1,
    "country" : {
      "id" : 214,
      "name" : "Spain"
    },
    "cards" : [ ],
    "positions" : [ ]
  }, {
    "player_id" : 4353,
    "player_name" : "Aymeric Laporte",
    "player_nickname" : null,
    "jersey_number" : 14,
    "country" : {
      "id" : 214,
      "name" : "Spain"
    },
    "cards" : [ ],
    "positions" : [ {
      "position_id" : 5,
      "position" : "Left Center Back",
      "from" : "00:00",
      "to" : null,
      "from_period" : 1,
      "to_period" : null,
      "start_reason" : "Starting XI",
      "end_reason" : "Final Whistle"
    } ]
  }, {
    "player_id" : 5202,
    "player_name" : "José Ignacio Fernández Iglesias",
    "player_nickname" : "Nacho",
    "jersey_number" : 4,
    "country" : {
      "id" : 214,
      "name" : "Spain"
    },
    "cards" : [ ],
    "positions" : [ {
      "position_id" : 3,
      "position" : "Right Center Back",
      "from" : "82:38",
      "to" : null,
      "from_period" : 2,
      "to_period" : null,
      "start_reason" : "Substitution - On (Tactical)",
      "end_reason" : "Final Whistle"
    } ]
  }, {
    "player_id" : 5721,
    "player_name" : "Daniel Carvajal Ramos",
    "player_nickname" : "Daniel Carvajal",
    "jersey_number" : 2,
    "country" : {
      "id" : 214,
      "name" : "Spain"
    },
    "cards" : [ ],
    "positions" : [ {
      "position_id" : 2,
      "position" : "Right Back",
      "from" : "00:00",
      "to" : null,
      "from_period" : 1,
      "to_period" : null,
      "start_reason" : "Starting XI",
      "end_reason" : "Final Whistle"
    } ]
  }, {
    "player_id" : 6655,
    "player_name" : "Fabián Ruiz Peña",
    "player_nickname" : "Fabián Ruiz",
    "jersey_number" : 8,
    "country" : {
      "id" : 214,
      "name" : "Spain"
    },
    "cards" : [ ],
    "positions" : [ {
      "position_id" : 11,
      "position" : "Left Defensive Midfield",
      "from" : "00:00",
      "to" : null,
      "from_period" : 1,
      "to_period" : null,
      "start_reason" : "Starting XI",
      "end_reason" : "Final Whistle"
    } ]
  }, {
    "player_id" : 6685,
    "player_name" : "Mikel Oyarzabal Ugarte",
    "player_nickname" : "Mikel Oyarzabal",
    "jersey_number" : 21,
    "country" : {
      "id" : 214,
      "name" : "Spain"
    },
    "cards" : [ ],
    "positions" : [ {
      "position_id" : 23,
      "position" : "Center Forward",
      "from" : "67:19",
      "to" : null,
      "from_period" : 2,
      "to_period" : null,
      "start_reason" : "Substitution - On (Tactical)",
      "end_reason" : "Final Whistle"
    } ]
  }, {
    "player_id" : 6748,
    "player_name" : "Ferrán Torres García",
    "player_nickname" : "Ferrán Torres",
    "jersey_number" : 11,
    "country" : {
      "id" : 214,
      "name" : "Spain"
    },
    "cards" : [ ],
    "positions" : [ ]
  }, {
    "player_id" : 6765,
    "player_name" : "Rodrigo Hernández Cascante",
    "player_nickname" : "Rodri",
    "jersey_number" : 16,
    "country" : {
      "id" : 214,
      "name" : "Spain"
    },
    "cards" : [ ],
    "positions" : [ {
      "position_id" : 9,
      "position" : "Right Defensive Midfield",
      "from" : "00:00",
      "to" : "45:00",
      "from_period" : 1,
      "to_period" : 2,
      "start_reason" : "Starting XI",
      "end_reason" : "Substitution - Off (Injury)"
    } ]
  }, {
    "player_id" : 6821,
    "player_name" : "Jesús Navas González",
    "player_nickname" : "Jesús Navas",
    "jersey_number" : 22,
    "country" : {
      "id" : 214,
      "name" : "Spain"
    },
    "cards" : [ ],
    "positions" : [ ]
  }, {
    "player_id" : 10336,
    "player_name" : "Alejandro Grimaldo García",
    "player_nickname" : "Álex Grimaldo",
    "jersey_number" : 12,
    "country" : {
      "id" : 214,
      "name" : "Spain"
    },
    "cards" : [ ],
    "positions" : [ ]
  }, {
    "player_id" : 11748,
    "player_name" : "Unai Simón Mendibil",
    "player_nickname" : "Unai Simón",
    "jersey_number" : 23,
    "country" : {
      "id" : 214,
      "name" : "Spain"
    },
    "cards" : [ ],
    "positions" : [ {
      "position_id" : 1,
      "position" : "Goalkeeper",
      "from" : "00:00",
      "to" : null,
      "from_period" : 1,
      "to_period" : null,
      "start_reason" : "Starting XI",
      "end_reason" : "Final Whistle"
    } ]
  }, {
    "player_id" : 16532,
    "player_name" : "Daniel Olmo Carvajal",
    "player_nickname" : "Daniel Olmo",
    "jersey_number" : 10,
    "country" : {
      "id" : 214,
      "name" : "Spain"
    },
    "cards" : [ {
      "time" : "29:57",
      "card_type" : "Yellow Card",
      "reason" : "Foul Committed",
      "period" : 1
    } ],
    "positions" : [ {
      "position_id" : 19,
      "position" : "Center Attacking Midfield",
      "from" : "00:00",
      "to" : "89:54",
      "from_period" : 1,
      "to_period" : 2,
      "start_reason" : "Starting XI",
      "end_reason" : "Tactical Shift"
    }, {
      "position_id" : 17,
      "position" : "Right Wing",
      "from" : "89:54",
      "to" : null,
      "from_period" : 2,
      "to_period" : null,
      "start_reason" : "Tactical Shift",
      "end_reason" : "Final Whistle"
    } ]
  }, {
    "player_id" : 17620,
    "player_name" : "Marc Cucurella Saseta",
    "player_nickname" : "Marc Cucurella",
    "jersey_number" : 24,
    "country" : {
      "id" : 214,
      "name" : "Spain"
    },
    "cards" : [ ],
    "positions" : [ {
      "position_id" : 6,
      "position" : "Left Back",
      "from" : "00:00",
      "to" : null,
      "from_period" : 1,
      "to_period" : null,
      "start_reason" : "Starting XI",
      "end_reason" : "Final Whistle"
    } ]
  }, {
    "player_id" : 22128,
    "player_name" : "Robin Aime Robert Le Normand",
    "player_nickname" : "Robin Le Normand",
    "jersey_number" : 3,
    "country" : {
      "id" : 214,
      "name" : "Spain"
    },
    "cards" : [ ],
    "positions" : [ {
      "position_id" : 3,
      "position" : "Right Center Back",
      "from" : "00:00",
      "to" : "82:38",
      "from_period" : 1,
      "to_period" : 2,
      "start_reason" : "Starting XI",
      "end_reason" : "Substitution - Off (Tactical)"
    } ]
  }, {
    "player_id" : 24921,
    "player_name" : "Martín Zubimendi Ibáñez",
    "player_nickname" : "Martín Zubimendi",
    "jersey_number" : 18,
    "country" : {
      "id" : 214,
      "name" : "Spain"
    },
    "cards" : [ ],
    "positions" : [ {
      "position_id" : 9,
      "position" : "Right Defensive Midfield",
      "from" : "45:00",
      "to" : null,
      "from_period" : 2,
      "to_period" : null,
      "start_reason" : "Substitution - On (Injury)",
      "end_reason" : "Final Whistle"
    } ]
  }, {
    "player_id" : 32185,
    "player_name" : "Alejandro Remiro Gargallo",
    "player_nickname" : "Álex Remiro",
    "jersey_number" : 13,
    "country" : {
      "id" : 214,
      "name" : "Spain"
    },
    "cards" : [ ],
    "positions" : [ ]
  }, {
    "player_id" : 41115,
    "player_name" : "Alejandro Baena Rodríguez",
    "player_nickname" : "Álex Baena",
    "jersey_number" : 15,
    "country" : {
      "id" : 214,
      "name" : "Spain"
    },
    "cards" : [ ],
    "positions" : [ ]
  }, {
    "player_id" : 41542,
    "player_name" : "Daniel Vivian Moreno",
    "player_nickname" : "Dani Vivian",
    "jersey_number" : 5,
    "country" : {
      "id" : 214,
      "name" : "Spain"
    },
    "cards" : [ ],
    "positions" : [ ]
  }, {
    "player_id" : 68574,
    "player_name" : "Nicholas Williams Arthuer",
    "player_nickname" : "Nico Williams",
    "jersey_number" : 17,
    "country" : {
      "id" : 214,
      "name" : "Spain"
    },
    "cards" : [ ],
    "positions" : [ {
      "position_id" : 21,
      "position" : "Left Wing",
      "from" : "00:00",
      "to" : null,
      "from_period" : 1,
      "to_period" : null,
      "start_reason" : "Starting XI",
      "end_reason" : "Final Whistle"
    } ]
  }, {
    "player_id" : 143864,
    "player_name" : "Fermin Lopez Marin",
    "player_nickname" : "Fermín López",
    "jersey_number" : 25,
    "country" : {
      "id" : 214,
      "name" : "Spain"
    },
    "cards" : [ ],
    "positions" : [ ]
  }, {
    "player_id" : 316046,
    "player_name" : "Lamine Yamal Nasraoui Ebana",
    "player_nickname" : "Lamine Yamal",
    "jersey_number" : 19,
    "country" : {
      "id" : 214,
      "name" : "Spain"
    },
    "cards" : [ ],
    "positions" : [ {
      "position_id" : 17,
      "position" : "Right Wing",
      "from" : "00:00",
      "to" : "88:40",
      "from_period" : 1,
      "to_period" : 2,
      "start_reason" : "Starting XI",
      "end_reason" : "Substitution - Off (Tactical)"
    } ]
  } ]
}, {
  "team_id" : 768,
  "team_name" : "England",
  "lineup" : [ {
    "player_id" : 3088,
    "player_name" : "Lewis Dunk",
    "player_nickname" : null,
    "jersey_number" : 15,
    "country" : {
      "id" : 68,
      "name" : "England"
    },
    "cards" : [ ],
    "positions" : [ ]
  }, {
    "player_id" : 3205,
    "player_name" : "Kyle Walker",
    "player_nickname" : null,
    "jersey_number" : 2,
    "country" : {
      "id" : 68,
      "name" : "England"
    },
    "cards" : [ ],
    "positions" : [ {
      "position_id" : 2,
      "position" : "Right Back",
      "from" : "00:00",
      "to" : null,
      "from_period" : 1,
      "to_period" : null,
      "start_reason" : "Starting XI",
      "end_reason" : "Final Whistle"
    } ]
  }, {
    "player_id" : 3244,
    "player_name" : "John Stones",
    "player_nickname" : null,
    "jersey_number" : 5,
    "country" : {
      "id" : 68,
      "name" : "England"
    },
    "cards" : [ {
      "time" : "52:31",
      "card_type" : "Yellow Card",
      "reason" : "Foul Committed",
      "period" : 2
    } ],
    "positions" : [ {
      "position_id" : 3,
      "position" : "Right Center Back",
      "from" : "00:00",
      "to" : null,
      "from_period" : 1,
      "to_period" : null,
      "start_reason" : "Starting XI",
      "end_reason" : "Final Whistle"
    } ]
  }, {
    "player_id" : 3308,
    "player_name" : "Kieran Trippier",
    "player_nickname" : null,
    "jersey_number" : 12,
    "country" : {
      "id" : 68,
      "name" : "England"
    },
    "cards" : [ ],
    "positions" : [ ]
  }, {
    "player_id" : 3382,
    "player_name" : "Luke Shaw",
    "player_nickname" : null,
    "jersey_number" : 3,
    "country" : {
      "id" : 68,
      "name" : "England"
    },
    "cards" : [ ],
    "positions" : [ {
      "position_id" : 6,
      "position" : "Left Back",
      "from" : "00:00",
      "to" : null,
      "from_period" : 1,
      "to_period" : null,
      "start_reason" : "Starting XI",
      "end_reason" : "Final Whistle"
    } ]
  }, {
    "player_id" : 3468,
    "player_name" : "Jordan Pickford",
    "player_nickname" : null,
    "jersey_number" : 1,
    "country" : {
      "id" : 68,
      "name" : "England"
    },
    "cards" : [ ],
    "positions" : [ {
      "position_id" : 1,
      "position" : "Goalkeeper",
      "from" : "00:00",
      "to" : null,
      "from_period" : 1,
      "to_period" : null,
      "start_reason" : "Starting XI",
      "end_reason" : "Final Whistle"
    } ]
  }, {
    "player_id" : 3495,
    "player_name" : "Joe Gomez",
    "player_nickname" : null,
    "jersey_number" : 22,
    "country" : {
      "id" : 68,
      "name" : "England"
    },
    "cards" : [ ],
    "positions" : [ ]
  }, {
    "player_id" : 3664,
    "player_name" : "Trent Alexander-Arnold",
    "player_nickname" : null,
    "jersey_number" : 8,
    "country" : {
      "id" : 68,
      "name" : "England"
    },
    "cards" : [ ],
    "positions" : [ ]
  }, {
    "player_id" : 3822,
    "player_name" : "Ezri Konsa Ngoyo",
    "player_nickname" : "Ezri Konsa",
    "jersey_number" : 14,
    "country" : {
      "id" : 68,
      "name" : "England"
    },
    "cards" : [ ],
    "positions" : [ ]
  }, {
    "player_id" : 3834,
    "player_name" : "Ivan Toney",
    "player_nickname" : null,
    "jersey_number" : 17,
    "country" : {
      "id" : 68,
      "name" : "England"
    },
    "cards" : [ ],
    "positions" : [ {
      "position_id" : 21,
      "position" : "Left Wing",
      "from" : "89:12",
      "to" : "89:20",
      "from_period" : 2,
      "to_period" : 2,
      "start_reason" : "Substitution - On (Tactical)",
      "end_reason" : "Tactical Shift"
    }, {
      "position_id" : 24,
      "position" : "Left Center Forward",
      "from" : "89:20",
      "to" : null,
      "from_period" : 2,
      "to_period" : null,
      "start_reason" : "Tactical Shift",
      "end_reason" : "Final Whistle"
    } ]
  }, {
    "player_id" : 3943,
    "player_name" : "Declan Rice",
    "player_nickname" : null,
    "jersey_number" : 4,
    "country" : {
      "id" : 68,
      "name" : "England"
    },
    "cards" : [ ],
    "positions" : [ {
      "position_id" : 11,
      "position" : "Left Defensive Midfield",
      "from" : "00:00",
      "to" : "89:20",
      "from_period" : 1,
      "to_period" : 2,
      "start_reason" : "Starting XI",
      "end_reason" : "Tactical Shift"
    }, {
      "position_id" : 10,
      "position" : "Center Defensive Midfield",
      "from" : "89:20",
      "to" : null,
      "from_period" : 2,
      "to_period" : null,
      "start_reason" : "Tactical Shift",
      "end_reason" : "Final Whistle"
    } ]
  }, {
    "player_id" : 4073,
    "player_name" : "Dean Henderson",
    "player_nickname" : null,
    "jersey_number" : 23,
    "country" : {
      "id" : 68,
      "name" : "England"
    },
    "cards" : [ ],
    "positions" : [ ]
  }, {
    "player_id" : 4354,
    "player_name" : "Phil Foden",
    "player_nickname" : null,
    "jersey_number" : 11,
    "country" : {
      "id" : 68,
      "name" : "England"
    },
    "cards" : [ ],
    "positions" : [ {
      "position_id" : 19,
      "position" : "Center Attacking Midfield",
      "from" : "00:00",
      "to" : "69:58",
      "from_period" : 1,
      "to_period" : 2,
      "start_reason" : "Starting XI",
      "end_reason" : "Tactical Shift"
    }, {
      "position_id" : 21,
      "position" : "Left Wing",
      "from" : "69:58",
      "to" : "89:12",
      "from_period" : 2,
      "to_period" : 2,
      "start_reason" : "Tactical Shift",
      "end_reason" : "Substitution - Off (Tactical)"
    } ]
  }, {
    "player_id" : 4760,
    "player_name" : "Ollie Watkins",
    "player_nickname" : null,
    "jersey_number" : 19,
    "country" : {
      "id" : 68,
      "name" : "England"
    },
    "cards" : [ {
      "time" : "90:54",
      "card_type" : "Yellow Card",
      "reason" : "Foul Committed",
      "period" : 2
    } ],
    "positions" : [ {
      "position_id" : 23,
      "position" : "Center Forward",
      "from" : "60:41",
      "to" : "89:20",
      "from_period" : 2,
      "to_period" : 2,
      "start_reason" : "Substitution - On (Tactical)",
      "end_reason" : "Tactical Shift"
    }, {
      "position_id" : 22,
      "position" : "Right Center Forward",
      "from" : "89:20",
      "to" : null,
      "from_period" : 2,
      "to_period" : null,
      "start_reason" : "Tactical Shift",
      "end_reason" : "Final Whistle"
    } ]
  }, {
    "player_id" : 9000,
    "player_name" : "Eberechi Eze",
    "player_nickname" : null,
    "jersey_number" : 21,
    "country" : {
      "id" : 68,
      "name" : "England"
    },
    "cards" : [ ],
    "positions" : [ ]
  }, {
    "player_id" : 9640,
    "player_name" : "Jarrod Bowen",
    "player_nickname" : null,
    "jersey_number" : 20,
    "country" : {
      "id" : 68,
      "name" : "England"
    },
    "cards" : [ ],
    "positions" : [ ]
  }, {
    "player_id" : 10955,
    "player_name" : "Harry Kane",
    "player_nickname" : null,
    "jersey_number" : 9,
    "country" : {
      "id" : 68,
      "name" : "England"
    },
    "cards" : [ {
      "time" : "24:38",
      "card_type" : "Yellow Card",
      "reason" : "Foul Committed",
      "period" : 1
    } ],
    "positions" : [ {
      "position_id" : 23,
      "position" : "Center Forward",
      "from" : "00:00",
      "to" : "60:41",
      "from_period" : 1,
      "to_period" : 2,
      "start_reason" : "Starting XI",
      "end_reason" : "Substitution - Off (Tactical)"
    } ]
  }, {
    "player_id" : 22084,
    "player_name" : "Bukayo Saka",
    "player_nickname" : null,
    "jersey_number" : 7,
    "country" : {
      "id" : 68,
      "name" : "England"
    },
    "cards" : [ ],
    "positions" : [ {
      "position_id" : 17,
      "position" : "Right Wing",
      "from" : "00:00",
      "to" : "89:20",
      "from_period" : 1,
      "to_period" : 2,
      "start_reason" : "Starting XI",
      "end_reason" : "Tactical Shift"
    }, {
      "position_id" : 13,
      "position" : "Right Center Midfield",
      "from" : "89:20",
      "to" : null,
      "from_period" : 2,
      "to_period" : null,
      "start_reason" : "Tactical Shift",
      "end_reason" : "Final Whistle"
    } ]
  }, {
    "player_id" : 22783,
    "player_name" : "Aaron Ramsdale",
    "player_nickname" : null,
    "jersey_number" : 13,
    "country" : {
      "id" : 68,
      "name" : "England"
    },
    "cards" : [ ],
    "positions" : [ ]
  }, {
    "player_id" : 28104,
    "player_name" : "Anthony Gordon",
    "player_nickname" : null,
    "jersey_number" : 18,
    "country" : {
      "id" : 68,
      "name" : "England"
    },
    "cards" : [ ],
    "positions" : [ ]
  }, {
    "player_id" : 29399,
    "player_name" : "Conor Gallagher",
    "player_nickname" : null,
    "jersey_number" : 16,
    "country" : {
      "id" : 68,
      "name" : "England"
    },
    "cards" : [ ],
    "positions" : [ ]
  }, {
    "player_id" : 30714,
    "player_name" : "Jude Bellingham",
    "player_nickname" : null,
    "jersey_number" : 10,
    "country" : {
      "id" : 68,
      "name" : "England"
    },
    "cards" : [ ],
    "positions" : [ {
      "position_id" : 21,
      "position" : "Left Wing",
      "from" : "00:00",
      "to" : "69:58",
      "from_period" : 1,
      "to_period" : 2,
      "start_reason" : "Starting XI",
      "end_reason" : "Tactical Shift"
    }, {
      "position_id" : 9,
      "position" : "Right Defensive Midfield",
      "from" : "69:58",
      "to" : "89:20",
      "from_period" : 2,
      "to_period" : 2,
      "start_reason" : "Tactical Shift",
      "end_reason" : "Tactical Shift"
    }, {
      "position_id" : 15,
      "position" : "Left Center Midfield",
      "from" : "89:20",
      "to" : null,
      "from_period" : 2,
      "to_period" : null,
      "start_reason" : "Tactical Shift",
      "end_reason" : "Final Whistle"
    } ]
  }, {
    "player_id" : 34526,
    "player_name" : "Marc Guehi",
    "player_nickname" : null,
    "jersey_number" : 6,
    "country" : {
      "id" : 68,
      "name" : "England"
    },
    "cards" : [ ],
    "positions" : [ {
      "position_id" : 5,
      "position" : "Left Center Back",
      "from" : "00:00",
      "to" : null,
      "from_period" : 1,
      "to_period" : null,
      "start_reason" : "Starting XI",
      "end_reason" : "Final Whistle"
    } ]
  }, {
    "player_id" : 39461,
    "player_name" : "Cole Palmer",
    "player_nickname" : null,
    "jersey_number" : 24,
    "country" : {
      "id" : 68,
      "name" : "England"
    },
    "cards" : [ ],
    "positions" : [ {
      "position_id" : 9,
      "position" : "Right Defensive Midfield",
      "from" : "69:53",
      "to" : "69:58",
      "from_period" : 2,
      "to_period" : 2,
      "start_reason" : "Substitution - On (Tactical)",
      "end_reason" : "Tactical Shift"
    }, {
      "position_id" : 19,
      "position" : "Center Attacking Midfield",
      "from" : "69:58",
      "to" : null,
      "from_period" : 2,
      "to_period" : null,
      "start_reason" : "Tactical Shift",
      "end_reason" : "Final Whistle"
    } ]
  }, {
    "player_id" : 77723,
    "player_name" : "Adam Wharton",
    "player_nickname" : null,
    "jersey_number" : 25,
    "country" : {
      "id" : 68,
      "name" : "England"
    },
    "cards" : [ ],
    "positions" : [ ]
  }, {
    "player_id" : 99174,
    "player_name" : "Kobbie Mainoo",
    "player_nickname" : null,
    "jersey_number" : 26,
    "country" : {
      "id" : 68,
      "name" : "England"
    },
    "cards" : [ ],
    "positions" : [ {
      "position_id" : 9,
      "position" : "Right Defensive Midfield",
      "from" : "00:00",
      "to" : "69:53",
      "from_period" : 1,
      "to_period" : 2,
      "start_reason" : "Starting XI",
      "end_reason" : "Substitution - Off (Tactical)"
    } ]
  } ]
} ]