[ {
  "competition_id" : 9,
  "season_id" : 281,
  "country_name" : "Germany",
  "competition_name" : "1. Bundesliga",
  "competition_gender" : "male",
  "competition_youth" : false,
  "competition_international" : false,
  "season_name" : "2023/2024",
  "match_updated" : "2024-09-28T20:46:38.893391",
  "match_updated_360" : "2025-07-06T04:26:07.636270",
  "match_available_360" : "2025-07-06T04:26:07.636270",
  "match_available" : "2024-09-28T20:46:38.893391"
}, {
  "competition_id" : 9,
  "season_id" : 27,
  "country_name" : "Germany",
  "competition_name" : "1. Bundesliga",
  "competition_gender" : "male",
  "competition_youth" : false,
  "competition_international" : false,
  "season_name" : "2015/2016",
  "match_updated" : "2024-05-19T11:11:14.192381",
  "match_updated_360" : null,
  "match_available_360" : null,
  "match_available" : "2024-05-19T11:11:14.192381"
}, {
  "competition_id" : 1267,
  "season_id" : 107,
  "country_name" : "Africa",
  "competition_name" : "African Cup of Nations",
  "competition_gender" : "male",
  "competition_youth" : false,
  "competition_international" : true,
  "season_name" : "2023",
  "match_updated" : "2024-09-28T01:57:35.846538",
  "match_updated_360" : null,
  "match_available_360" : null,
  "match_available" : "2024-09-28T01:57:35.846538"
}, {
  "competition_id" : 16,
  "season_id" : 4,
  "country_name" : "Europe",
  "competition_name" : "Champions League",
  "competition_gender" : "male",
  "competition_youth" : false,
  "competition_international" : false,
  "season_name" : "2018/2019",
  "match_updated" : "2025-05-08T15:10:50.835274",
  "match_updated_360" : "2021-06-13T16:17:31.694",
  "match_available_360" : null,
  "match_available" : "2025-05-08T15:10:50.835274"
}, {
  "competition_id" : 16,
  "season_id" : 1,
  "country_name" : "Europe",
  "competition_name" : "Champions League",
  "competition_gender" : "male",
  "competition_youth" : false,
  "competition_international" : false,
  "season_name" : "2017/2018",
  "match_updated" : "2024-02-13T02:35:28.134882",
  "match_updated_360" : "2021-06-13T16:17:31.694",
  "match_available_360" : null,
  "match_available" : "2024-02-13T02:35:28.134882"
}, {
  "competition_id" : 16,
  "season_id" : 2,
  "country_name" : "Europe",
  "competition_name" : "Champions League",
  "competition_gender" : "male",
  "competition_youth" : false,
  "competition_international" : false,
  "season_name" : "2016/2017",
  "match_updated" : "2024-02-13T02:37:32.205154",
  "match_updated_360" : "2021-06-13T16:17:31.694",
  "match_available_360" : null,
  "match_available" : "2024-02-13T02:37:32.205154"
}, {
  "competition_id" : 16,
  "season_id" : 27,
  "country_name" : "Europe",
  "competition_name" : "Champions League",
  "competition_gender" : "male",
  "competition_youth" : false,
  "competition_international" : false,
  "season_name" : "2015/2016",
  "match_updated" : "2024-06-12T07:45:38.786894",
  "match_updated_360" : "2021-06-13T16:17:31.694",
  "match_available_360" : null,
  "match_available" : "2024-06-12T07:45:38.786894"
}, {
  "competition_id" : 16,
  "season_id" : 26,
  "country_name" : "Europe",
  "competition_name" : "Champions League",
  "competition_gender" : "male",
  "competition_youth" : false,
  "competition_international" : false,
  "season_name" : "2014/2015",
  "match_updated" : "2024-02-12T12:49:54.914228",
  "match_updated_360" : "2021-06-13T16:17:31.694",
  "match_available_360" : null,
  "match_available" : "2024-02-12T12:49:54.914228"
}, {
  "competition_id" : 16,
  "season_id" : 25,
  "country_name" : "Europe",
  "competition_name" : "Champions League",
  "competition_gender" : "male",
  "competition_youth" : false,
  "competition_international" : false,
  "season_name" : "2013/2014",
  "match_updated" : "2024-02-12T12:48:48.479157",
  "match_updated_360" : "2021-06-13T16:17:31.694",
  "match_available_360" : null,
  "match_available" : "2024-02-12T12:48:48.479157"
}, {
  "competition_id" : 16,
  "season_id" : 24,
  "country_name" : "Europe",
  "competition_name" : "Champions League",
  "competition_gender" : "male",
  "competition_youth" : false,
  "competition_international" : false,
  "season_name" : "2012/2013",
  "match_updated" : "2024-02-12T12:47:34.340413",
  "match_updated_360" : "2021-06-13T16:17:31.694",
  "match_available_360" : null,
  "match_available" : "2024-02-12T12:47:34.340413"
}, {
  "competition_id" : 16,
  "season_id" : 23,
  "country_name" : "Europe",
  "competition_name" : "Champions League",
  "competition_gender" : "male",
  "competition_youth" : false,
  "competition_international" : false,
  "season_name" : "2011/2012",
  "match_updated" : "2024-02-13T02:36:35.698340",
  "match_updated_360" : "2021-06-13T16:17:31.694",
  "match_available_360" : null,
  "match_available" : "2024-02-13T02:36:35.698340"
}, {
  "competition_id" : 16,
  "season_id" : 22,
  "country_name" : "Europe",
  "competition_name" : "Champions League",
  "competition_gender" : "male",
  "competition_youth" : false,
  "competition_international" : false,
  "season_name" : "2010/2011",
  "match_updated" : "2024-02-12T12:53:03.944320",
  "match_updated_360" : "2021-06-13T16:17:31.694",
  "match_available_360" : null,
  "match_available" : "2024-02-12T12:53:03.944320"
}, {
  "competition_id" : 16,
  "season_id" : 21,
  "country_name" : "Europe",
  "competition_name" : "Champions League",
  "competition_gender" : "male",
  "competition_youth" : false,
  "competition_international" : false,
  "season_name" : "2009/2010",
  "match_updated" : "2024-02-12T12:49:25.017694",
  "match_updated_360" : "2021-06-13T16:17:31.694",
  "match_available_360" : null,
  "match_available" : "2024-02-12T12:49:25.017694"
}, {
  "competition_id" : 16,
  "season_id" : 41,
  "country_name" : "Europe",
  "competition_name" : "Champions League",
  "competition_gender" : "male",
  "competition_youth" : false,
  "competition_international" : false,
  "season_name" : "2008/2009",
  "match_updated" : "2024-02-13T07:02:54.657056",
  "match_updated_360" : "2021-06-13T16:17:31.694",
  "match_available_360" : null,
  "match_available" : "2024-02-13T07:02:54.657056"
}, {
  "competition_id" : 16,
  "season_id" : 39,
  "country_name" : "Europe",
  "competition_name" : "Champions League",
  "competition_gender" : "male",
  "competition_youth" : false,
  "competition_international" : false,
  "season_name" : "2006/2007",
  "match_updated" : "2024-02-12T13:48:23.967222",
  "match_updated_360" : "2021-06-13T16:17:31.694",
  "match_available_360" : null,
  "match_available" : "2024-02-12T13:48:23.967222"
}, {
  "competition_id" : 16,
  "season_id" : 37,
  "country_name" : "Europe",
  "competition_name" : "Champions League",
  "competition_gender" : "male",
  "competition_youth" : false,
  "competition_international" : false,
  "season_name" : "2004/2005",
  "match_updated" : "2025-06-24T09:44:09.039471",
  "match_updated_360" : "2021-06-13T16:17:31.694",
  "match_available_360" : null,
  "match_available" : "2025-06-24T09:44:09.039471"
}, {
  "competition_id" : 16,
  "season_id" : 44,
  "country_name" : "Europe",
  "competition_name" : "Champions League",
  "competition_gender" : "male",
  "competition_youth" : false,
  "competition_international" : false,
  "season_name" : "2003/2004",
  "match_updated" : "2025-06-24T13:57:37.321382",
  "match_updated_360" : "2021-06-13T16:17:31.694",
  "match_available_360" : null,
  "match_available" : "2025-06-24T13:57:37.321382"
}, {
  "competition_id" : 16,
  "season_id" : 76,
  "country_name" : "Europe",
  "competition_name" : "Champions League",
  "competition_gender" : "male",
  "competition_youth" : false,
  "competition_international" : false,
  "season_name" : "1999/2000",
  "match_updated" : "2025-06-23T12:34:36.649637",
  "match_updated_360" : "2021-06-13T16:17:31.694",
  "match_available_360" : null,
  "match_available" : "2025-06-23T12:34:36.649637"
}, {
  "competition_id" : 16,
  "season_id" : 277,
  "country_name" : "Europe",
  "competition_name" : "Champions League",
  "competition_gender" : "male",
  "competition_youth" : false,
  "competition_international" : false,
  "season_name" : "1972/1973",
  "match_updated" : "2024-02-13T14:25:16.532771",
  "match_updated_360" : null,
  "match_available_360" : null,
  "match_available" : "2024-02-13T14:25:16.532771"
}, {
  "competition_id" : 16,
  "season_id" : 71,
  "country_name" : "Europe",
  "competition_name" : "Champions League",
  "competition_gender" : "male",
  "competition_youth" : false,
  "competition_international" : false,
  "season_name" : "1971/1972",
  "match_updated" : "2024-02-12T14:25:01.735880",
  "match_updated_360" : "2021-06-13T16:17:31.694",
  "match_available_360" : null,
  "match_available" : "2024-02-12T14:25:01.735880"
}, {
  "competition_id" : 16,
  "season_id" : 276,
  "country_name" : "Europe",
  "competition_name" : "Champions League",
  "competition_gender" : "male",
  "competition_youth" : false,
  "competition_international" : false,
  "season_name" : "1970/1971",
  "match_updated" : "2024-02-13T14:24:12.213582",
  "match_updated_360" : null,
  "match_available_360" : null,
  "match_available" : "2024-02-13T14:24:12.213582"
}, {
  "competition_id" : 223,
  "season_id" : 282,
  "country_name" : "South America",
  "competition_name" : "Copa America",
  "competition_gender" : "male",
  "competition_youth" : false,
  "competition_international" : true,
  "season_name" : "2024",
  "match_updated" : "2024-11-04T16:15:34.886972",
  "match_updated_360" : null,
  "match_available_360" : null,
  "match_available" : "2024-11-04T16:15:34.886972"
}, {
  "competition_id" : 87,
  "season_id" : 84,
  "country_name" : "Spain",
  "competition_name" : "Copa del Rey",
  "competition_gender" : "male",
  "competition_youth" : false,
  "competition_international" : false,
  "season_name" : "1983/1984",
  "match_updated" : "2024-02-13T01:54:12.946985",
  "match_updated_360" : "2021-06-13T16:17:31.694",
  "match_available_360" : null,
  "match_available" : "2024-02-13T01:54:12.946985"
}, {
  "competition_id" : 87,
  "season_id" : 268,
  "country_name" : "Spain",
  "competition_name" : "Copa del Rey",
  "competition_gender" : "male",
  "competition_youth" : false,
  "competition_international" : false,
  "season_name" : "1982/1983",
  "match_updated" : "2024-02-13T14:19:57.954551",
  "match_updated_360" : null,
  "match_available_360" : null,
  "match_available" : "2024-02-13T14:19:57.954551"
}, {
  "competition_id" : 87,
  "season_id" : 279,
  "country_name" : "Spain",
  "competition_name" : "Copa del Rey",
  "competition_gender" : "male",
  "competition_youth" : false,
  "competition_international" : false,
  "season_name" : "1977/1978",
  "match_updated" : "2024-02-13T14:26:19.978418",
  "match_updated_360" : null,
  "match_available_360" : null,
  "match_available" : "2024-02-13T14:26:19.978418"
}, {
  "competition_id" : 37,
  "season_id" : 90,
  "country_name" : "England",
  "competition_name" : "FA Women's Super League",
  "competition_gender" : "female",
  "competition_youth" : false,
  "competition_international" : false,
  "season_name" : "2020/2021",
  "match_updated" : "2025-04-23T14:16:46.924831",
  "match_updated_360" : "2021-06-13T16:17:31.694",
  "match_available_360" : null,
  "match_available" : "2025-04-23T14:16:46.924831"
}, {
  "competition_id" : 37,
  "season_id" : 42,
  "country_name" : "England",
  "competition_name" : "FA Women's Super League",
  "competition_gender" : "female",
  "competition_youth" : false,
  "competition_international" : false,
  "season_name" : "2019/2020",
  "match_updated" : "2024-02-12T15:05:34.211400",
  "match_updated_360" : "2021-06-13T16:17:31.694",
  "match_available_360" : null,
  "match_available" : "2024-02-12T15:05:34.211400"
}, {
  "competition_id" : 37,
  "season_id" : 4,
  "country_name" : "England",
  "competition_name" : "FA Women's Super League",
  "competition_gender" : "female",
  "competition_youth" : false,
  "competition_international" : false,
  "season_name" : "2018/2019",
  "match_updated" : "2024-08-07T17:22:40.334287",
  "match_updated_360" : "2021-06-13T16:17:31.694",
  "match_available_360" : null,
  "match_available" : "2024-08-07T17:22:40.334287"
}, {
  "competition_id" : 1470,
  "season_id" : 274,
  "country_name" : "International",
  "competition_name" : "FIFA U20 World Cup",
  "competition_gender" : "male",
  "competition_youth" : true,
  "competition_international" : true,
  "season_name" : "1979",
  "match_updated" : "2024-02-13T14:20:59.825440",
  "match_updated_360" : null,
  "match_available_360" : null,
  "match_available" : "2024-02-13T14:20:59.825440"
}, {
  "competition_id" : 43,
  "season_id" : 106,
  "country_name" : "International",
  "competition_name" : "FIFA World Cup",
  "competition_gender" : "male",
  "competition_youth" : false,
  "competition_international" : true,
  "season_name" : "2022",
  "match_updated" : "2024-12-16T10:15:11.055845",
  "match_updated_360" : "2024-12-16T10:21:13.710934",
  "match_available_360" : "2024-12-16T10:21:13.710934",
  "match_available" : "2024-12-16T10:15:11.055845"
}, {
  "competition_id" : 43,
  "season_id" : 3,
  "country_name" : "International",
  "competition_name" : "FIFA World Cup",
  "competition_gender" : "male",
  "competition_youth" : false,
  "competition_international" : true,
  "season_name" : "2018",
  "match_updated" : "2024-06-12T07:38:19.345758",
  "match_updated_360" : "2021-06-13T16:17:31.694",
  "match_available_360" : null,
  "match_available" : "2024-06-12T07:38:19.345758"
}, {
  "competition_id" : 43,
  "season_id" : 55,
  "country_name" : "International",
  "competition_name" : "FIFA World Cup",
  "competition_gender" : "male",
  "competition_youth" : false,
  "competition_international" : true,
  "season_name" : "1990",
  "match_updated" : "2023-06-28T10:58:20.137929",
  "match_updated_360" : "2021-06-12T16:17:31.694",
  "match_available_360" : null,
  "match_available" : "2023-06-28T10:58:20.137929"
}, {
  "competition_id" : 43,
  "season_id" : 54,
  "country_name" : "International",
  "competition_name" : "FIFA World Cup",
  "competition_gender" : "male",
  "competition_youth" : false,
  "competition_international" : true,
  "season_name" : "1986",
  "match_updated" : "2023-12-26T22:34:04.263530",
  "match_updated_360" : "2021-06-13T16:17:31.694",
  "match_available_360" : null,
  "match_available" : "2023-12-26T22:34:04.263530"
}, {
  "competition_id" : 43,
  "season_id" : 51,
  "country_name" : "International",
  "competition_name" : "FIFA World Cup",
  "competition_gender" : "male",
  "competition_youth" : false,
  "competition_international" : true,
  "season_name" : "1974",
  "match_updated" : "2024-02-13T02:52:29.582599",
  "match_updated_360" : "2021-06-13T16:17:31.694",
  "match_available_360" : null,
  "match_available" : "2024-02-13T02:52:29.582599"
}, {
  "competition_id" : 43,
  "season_id" : 272,
  "country_name" : "International",
  "competition_name" : "FIFA World Cup",
  "competition_gender" : "male",
  "competition_youth" : false,
  "competition_international" : true,
  "season_name" : "1970",
  "match_updated" : "2024-02-13T14:23:06.735299",
  "match_updated_360" : null,
  "match_available_360" : null,
  "match_available" : "2024-02-13T14:23:06.735299"
}, {
  "competition_id" : 43,
  "season_id" : 270,
  "country_name" : "International",
  "competition_name" : "FIFA World Cup",
  "competition_gender" : "male",
  "competition_youth" : false,
  "competition_international" : true,
  "season_name" : "1962",
  "match_updated" : "2023-06-26T10:38:00.323984",
  "match_updated_360" : null,
  "match_available_360" : null,
  "match_available" : "2023-06-26T10:38:00.323984"
}, {
  "competition_id" : 43,
  "season_id" : 269,
  "country_name" : "International",
  "competition_name" : "FIFA World Cup",
  "competition_gender" : "male",
  "competition_youth" : false,
  "competition_international" : true,
  "season_name" : "1958",
  "match_updated" : "2024-02-13T14:22:08.222297",
  "match_updated_360" : null,
  "match_available_360" : null,
  "match_available" : "2024-02-13T14:22:08.222297"
}, {
  "competition_id" : 1238,
  "season_id" : 108,
  "country_name" : "India",
  "competition_name" : "Indian Super league",
  "competition_gender" : "male",
  "competition_youth" : false,
  "competition_international" : false,
  "season_name" : "2021/2022",
  "match_updated" : "2024-09-29T17:46:01.175308",
  "match_updated_360" : null,
  "match_available_360" : null,
  "match_available" : "2024-09-29T17:46:01.175308"
}, {
  "competition_id" : 11,
  "season_id" : 90,
  "country_name" : "Spain",
  "competition_name" : "La Liga",
  "competition_gender" : "male",
  "competition_youth" : false,
  "competition_international" : false,
  "season_name" : "2020/2021",
  "match_updated" : "2025-01-29T17:39:28.924386",
  "match_updated_360" : "2025-01-29T18:09:18.620699",
  "match_available_360" : "2025-01-29T18:09:18.620699",
  "match_available" : "2025-01-29T17:39:28.924386"
}, {
  "competition_id" : 11,
  "season_id" : 42,
  "country_name" : "Spain",
  "competition_name" : "La Liga",
  "competition_gender" : "male",
  "competition_youth" : false,
  "competition_international" : false,
  "season_name" : "2019/2020",
  "match_updated" : "2024-12-16T16:51:06.833054",
  "match_updated_360" : "2021-06-13T16:17:31.694",
  "match_available_360" : null,
  "match_available" : "2024-12-16T16:51:06.833054"
}, {
  "competition_id" : 11,
  "season_id" : 4,
  "country_name" : "Spain",
  "competition_name" : "La Liga",
  "competition_gender" : "male",
  "competition_youth" : false,
  "competition_international" : false,
  "season_name" : "2018/2019",
  "match_updated" : "2024-09-22T18:50:23.364757",
  "match_updated_360" : "2021-07-09T14:53:22.103024",
  "match_available_360" : null,
  "match_available" : "2024-09-22T18:50:23.364757"
}, {
  "competition_id" : 11,
  "season_id" : 1,
  "country_name" : "Spain",
  "competition_name" : "La Liga",
  "competition_gender" : "male",
  "competition_youth" : false,
  "competition_international" : false,
  "season_name" : "2017/2018",
  "match_updated" : "2025-07-14T10:01:16.674864",
  "match_updated_360" : "2021-06-13T16:17:31.694",
  "match_available_360" : null,
  "match_available" : "2025-07-14T10:01:16.674864"
}, {
  "competition_id" : 11,
  "season_id" : 2,
  "country_name" : "Spain",
  "competition_name" : "La Liga",
  "competition_gender" : "male",
  "competition_youth" : false,
  "competition_international" : false,
  "season_name" : "2016/2017",
  "match_updated" : "2025-03-09T16:03:54.962718",
  "match_updated_360" : "2021-06-13T16:17:31.694",
  "match_available_360" : null,
  "match_available" : "2025-03-09T16:03:54.962718"
}, {
  "competition_id" : 11,
  "season_id" : 27,
  "country_name" : "Spain",
  "competition_name" : "La Liga",
  "competition_gender" : "male",
  "competition_youth" : false,
  "competition_international" : false,
  "season_name" : "2015/2016",
  "match_updated" : "2025-04-23T13:59:22.835792",
  "match_updated_360" : "2021-06-13T16:17:31.694",
  "match_available_360" : null,
  "match_available" : "2025-04-23T13:59:22.835792"
}, {
  "competition_id" : 11,
  "season_id" : 26,
  "country_name" : "Spain",
  "competition_name" : "La Liga",
  "competition_gender" : "male",
  "competition_youth" : false,
  "competition_international" : false,
  "season_name" : "2014/2015",
  "match_updated" : "2025-06-24T13:39:01.068680",
  "match_updated_360" : "2021-06-13T16:17:31.694",
  "match_available_360" : null,
  "match_available" : "2025-06-24T13:39:01.068680"
}, {
  "competition_id" : 11,
  "season_id" : 25,
  "country_name" : "Spain",
  "competition_name" : "La Liga",
  "competition_gender" : "male",
  "competition_youth" : false,
  "competition_international" : false,
  "season_name" : "2013/2014",
  "match_updated" : "2025-06-24T09:52:44.048585",
  "match_updated_360" : "2021-06-13T16:17:31.694",
  "match_available_360" : null,
  "match_available" : "2025-06-24T09:52:44.048585"
}, {
  "competition_id" : 11,
  "season_id" : 24,
  "country_name" : "Spain",
  "competition_name" : "La Liga",
  "competition_gender" : "male",
  "competition_youth" : false,
  "competition_international" : false,
  "season_name" : "2012/2013",
  "match_updated" : "2025-06-24T13:53:14.047130",
  "match_updated_360" : "2021-06-13T16:17:31.694",
  "match_available_360" : null,
  "match_available" : "2025-06-24T13:53:14.047130"
}, {
  "competition_id" : 11,
  "season_id" : 23,
  "country_name" : "Spain",
  "competition_name" : "La Liga",
  "competition_gender" : "male",
  "competition_youth" : false,
  "competition_international" : false,
  "season_name" : "2011/2012",
  "match_updated" : "2025-06-24T13:38:10.764259",
  "match_updated_360" : "2021-06-13T16:17:31.694",
  "match_available_360" : null,
  "match_available" : "2025-06-24T13:38:10.764259"
}, {
  "competition_id" : 11,
  "season_id" : 22,
  "country_name" : "Spain",
  "competition_name" : "La Liga",
  "competition_gender" : "male",
  "competition_youth" : false,
  "competition_international" : false,
  "season_name" : "2010/2011",
  "match_updated" : "2025-06-24T13:51:54.910296",
  "match_updated_360" : "2021-06-13T16:17:31.694",
  "match_available_360" : null,
  "match_available" : "2025-06-24T13:51:54.910296"
}, {
  "competition_id" : 11,
  "season_id" : 21,
  "country_name" : "Spain",
  "competition_name" : "La Liga",
  "competition_gender" : "male",
  "competition_youth" : false,
  "competition_international" : false,
  "season_name" : "2009/2010",
  "match_updated" : "2025-06-24T13:43:36.379754",
  "match_updated_360" : "2021-06-13T16:17:31.694",
  "match_available_360" : null,
  "match_available" : "2025-06-24T13:43:36.379754"
}, {
  "competition_id" : 11,
  "season_id" : 41,
  "country_name" : "Spain",
  "competition_name" : "La Liga",
  "competition_gender" : "male",
  "competition_youth" : false,
  "competition_international" : false,
  "season_name" : "2008/2009",
  "match_updated" : "2025-06-24T13:52:04.679206",
  "match_updated_360" : "2021-06-13T16:17:31.694",
  "match_available_360" : null,
  "match_available" : "2025-06-24T13:52:04.679206"
}, {
  "competition_id" : 11,
  "season_id" : 40,
  "country_name" : "Spain",
  "competition_name" : "La Liga",
  "competition_gender" : "male",
  "competition_youth" : false,
  "competition_international" : false,
  "season_name" : "2007/2008",
  "match_updated" : "2025-06-24T13:47:07.137835",
  "match_updated_360" : "2021-06-13T16:17:31.694",
  "match_available_360" : null,
  "match_available" : "2025-06-24T13:47:07.137835"
}, {
  "competition_id" : 11,
  "season_id" : 39,
  "country_name" : "Spain",
  "competition_name" : "La Liga",
  "competition_gender" : "male",
  "competition_youth" : false,
  "competition_international" : false,
  "season_name" : "2006/2007",
  "match_updated" : "2025-06-24T13:52:50.824119",
  "match_updated_360" : "2021-06-13T16:17:31.694",
  "match_available_360" : null,
  "match_available" : "2025-06-24T13:52:50.824119"
}, {
  "competition_id" : 11,
  "season_id" : 38,
  "country_name" : "Spain",
  "competition_name" : "La Liga",
  "competition_gender" : "male",
  "competition_youth" : false,
  "competition_international" : false,
  "season_name" : "2005/2006",
  "match_updated" : "2025-06-24T14:05:07.849675",
  "match_updated_360" : "2021-06-13T16:17:31.694",
  "match_available_360" : null,
  "match_available" : "2025-06-24T14:05:07.849675"
}, {
  "competition_id" : 11,
  "season_id" : 37,
  "country_name" : "Spain",
  "competition_name" : "La Liga",
  "competition_gender" : "male",
  "competition_youth" : false,
  "competition_international" : false,
  "season_name" : "2004/2005",
  "match_updated" : "2025-06-24T13:48:43.998096",
  "match_updated_360" : "2021-06-13T16:17:31.694",
  "match_available_360" : null,
  "match_available" : "2025-06-24T13:48:43.998096"
}, {
  "competition_id" : 11,
  "season_id" : 278,
  "country_name" : "Spain",
  "competition_name" : "La Liga",
  "competition_gender" : "male",
  "competition_youth" : false,
  "competition_international" : false,
  "season_name" : "1973/1974",
  "match_updated" : "2023-07-06T12:50:48.807820",
  "match_updated_360" : null,
  "match_available_360" : null,
  "match_available" : "2023-07-06T12:50:48.807820"
}, {
  "competition_id" : 81,
  "season_id" : 48,
  "country_name" : "Argentina",
  "competition_name" : "Liga Profesional",
  "competition_gender" : "male",
  "competition_youth" : false,
  "competition_international" : false,
  "season_name" : "1997/1998",
  "match_updated" : "2023-06-28T11:19:54.593488",
  "match_updated_360" : null,
  "match_available_360" : null,
  "match_available" : "2023-06-28T11:19:54.593488"
}, {
  "competition_id" : 81,
  "season_id" : 275,
  "country_name" : "Argentina",
  "competition_name" : "Liga Profesional",
  "competition_gender" : "male",
  "competition_youth" : false,
  "competition_international" : false,
  "season_name" : "1981",
  "match_updated" : "2023-12-05T14:19:40.272816",
  "match_updated_360" : null,
  "match_available_360" : null,
  "match_available" : "2023-12-05T14:19:40.272816"
}, {
  "competition_id" : 7,
  "season_id" : 235,
  "country_name" : "France",
  "competition_name" : "Ligue 1",
  "competition_gender" : "male",
  "competition_youth" : false,
  "competition_international" : false,
  "season_name" : "2022/2023",
  "match_updated" : "2024-12-19T13:56:45.683863",
  "match_updated_360" : "2025-06-30T02:31:32.046070",
  "match_available_360" : "2025-06-30T02:31:32.046070",
  "match_available" : "2024-12-19T13:56:45.683863"
}, {
  "competition_id" : 7,
  "season_id" : 108,
  "country_name" : "France",
  "competition_name" : "Ligue 1",
  "competition_gender" : "male",
  "competition_youth" : false,
  "competition_international" : false,
  "season_name" : "2021/2022",
  "match_updated" : "2025-06-15T12:56:15.594872",
  "match_updated_360" : "2025-06-15T13:02:45.341609",
  "match_available_360" : "2025-06-15T13:02:45.341609",
  "match_available" : "2025-06-15T12:56:15.594872"
}, {
  "competition_id" : 7,
  "season_id" : 27,
  "country_name" : "France",
  "competition_name" : "Ligue 1",
  "competition_gender" : "male",
  "competition_youth" : false,
  "competition_international" : false,
  "season_name" : "2015/2016",
  "match_updated" : "2024-12-16T08:48:23.066123",
  "match_updated_360" : null,
  "match_available_360" : null,
  "match_available" : "2024-12-16T08:48:23.066123"
}, {
  "competition_id" : 44,
  "season_id" : 107,
  "country_name" : "United States of America",
  "competition_name" : "Major League Soccer",
  "competition_gender" : "male",
  "competition_youth" : false,
  "competition_international" : false,
  "season_name" : "2023",
  "match_updated" : "2025-06-15T12:48:12.599307",
  "match_updated_360" : "2025-07-01T11:17:29.514495",
  "match_available_360" : "2025-07-01T11:17:29.514495",
  "match_available" : "2025-06-15T12:48:12.599307"
}, {
  "competition_id" : 116,
  "season_id" : 68,
  "country_name" : "North and Central America",
  "competition_name" : "North American League",
  "competition_gender" : "male",
  "competition_youth" : false,
  "competition_international" : false,
  "season_name" : "1977",
  "match_updated" : "2025-02-20T11:41:45.243252",
  "match_updated_360" : "2021-06-13T16:17:31.694",
  "match_available_360" : null,
  "match_available" : "2025-02-20T11:41:45.243252"
}, {
  "competition_id" : 49,
  "season_id" : 3,
  "country_name" : "United States of America",
  "competition_name" : "NWSL",
  "competition_gender" : "female",
  "competition_youth" : false,
  "competition_international" : false,
  "season_name" : "2018",
  "match_updated" : "2024-12-15T12:31:48.035735",
  "match_updated_360" : "2021-06-13T16:17:31.694",
  "match_available_360" : null,
  "match_available" : "2024-12-15T12:31:48.035735"
}, {
  "competition_id" : 2,
  "season_id" : 27,
  "country_name" : "England",
  "competition_name" : "Premier League",
  "competition_gender" : "male",
  "competition_youth" : false,
  "competition_international" : false,
  "season_name" : "2015/2016",
  "match_updated" : "2025-04-23T14:36:29.347042",
  "match_updated_360" : "2021-06-13T16:17:31.694",
  "match_available_360" : null,
  "match_available" : "2025-04-23T14:36:29.347042"
}, {
  "competition_id" : 2,
  "season_id" : 44,
  "country_name" : "England",
  "competition_name" : "Premier League",
  "competition_gender" : "male",
  "competition_youth" : false,
  "competition_international" : false,
  "season_name" : "2003/2004",
  "match_updated" : "2025-06-24T13:53:07.585114",
  "match_updated_360" : "2021-06-13T16:17:31.694",
  "match_available_360" : null,
  "match_available" : "2025-06-24T13:53:07.585114"
}, {
  "competition_id" : 12,
  "season_id" : 27,
  "country_name" : "Italy",
  "competition_name" : "Serie A",
  "competition_gender" : "male",
  "competition_youth" : false,
  "competition_international" : false,
  "season_name" : "2015/2016",
  "match_updated" : "2025-07-21T05:01:00.434081",
  "match_updated_360" : null,
  "match_available_360" : null,
  "match_available" : "2025-07-21T05:01:00.434081"
}, {
  "competition_id" : 12,
  "season_id" : 86,
  "country_name" : "Italy",
  "competition_name" : "Serie A",
  "competition_gender" : "male",
  "competition_youth" : false,
  "competition_international" : false,
  "season_name" : "1986/1987",
  "match_updated" : "2023-06-18T01:55:53.343752",
  "match_updated_360" : null,
  "match_available_360" : null,
  "match_available" : "2023-06-18T01:55:53.343752"
}, {
  "competition_id" : 55,
  "season_id" : 282,
  "country_name" : "Europe",
  "competition_name" : "UEFA Euro",
  "competition_gender" : "male",
  "competition_youth" : false,
  "competition_international" : true,
  "season_name" : "2024",
  "match_updated" : "2024-09-28T16:51:20.698794",
  "match_updated_360" : "2025-03-24T14:12:30.785094",
  "match_available_360" : "2025-03-24T14:12:30.785094",
  "match_available" : "2024-09-28T16:51:20.698794"
}, {
  "competition_id" : 55,
  "season_id" : 43,
  "country_name" : "Europe",
  "competition_name" : "UEFA Euro",
  "competition_gender" : "male",
  "competition_youth" : false,
  "competition_international" : true,
  "season_name" : "2020",
  "match_updated" : "2024-07-31T12:29:15.702309",
  "match_updated_360" : "2024-07-31T12:30:57.587087",
  "match_available_360" : "2024-07-31T12:30:57.587087",
  "match_available" : "2024-07-31T12:29:15.702309"
}, {
  "competition_id" : 35,
  "season_id" : 75,
  "country_name" : "Europe",
  "competition_name" : "UEFA Europa League",
  "competition_gender" : "male",
  "competition_youth" : false,
  "competition_international" : false,
  "season_name" : "1988/1989",
  "match_updated" : "2024-02-12T14:45:05.702250",
  "match_updated_360" : "2021-06-13T16:17:31.694",
  "match_available_360" : null,
  "match_available" : "2024-02-12T14:45:05.702250"
}, {
  "competition_id" : 53,
  "season_id" : 315,
  "country_name" : "Europe",
  "competition_name" : "UEFA Women's Euro",
  "competition_gender" : "female",
  "competition_youth" : false,
  "competition_international" : true,
  "season_name" : "2025",
  "match_updated" : "2025-07-28T14:19:20.467348",
  "match_updated_360" : "2025-07-29T16:03:07.355174",
  "match_available_360" : "2025-07-29T16:03:07.355174",
  "match_available" : "2025-07-28T14:19:20.467348"
}, {
  "competition_id" : 53,
  "season_id" : 106,
  "country_name" : "Europe",
  "competition_name" : "UEFA Women's Euro",
  "competition_gender" : "female",
  "competition_youth" : false,
  "competition_international" : true,
  "season_name" : "2022",
  "match_updated" : "2024-02-13T13:27:17.178263",
  "match_updated_360" : "2024-02-13T13:30:52.820588",
  "match_available_360" : "2024-02-13T13:30:52.820588",
  "match_available" : "2024-02-13T13:27:17.178263"
}, {
  "competition_id" : 72,
  "season_id" : 107,
  "country_name" : "International",
  "competition_name" : "Women's World Cup",
  "competition_gender" : "female",
  "competition_youth" : false,
  "competition_international" : true,
  "season_name" : "2023",
  "match_updated" : "2025-07-14T10:07:06.620906",
  "match_updated_360" : "2025-07-14T10:10:27.224586",
  "match_available_360" : "2025-07-14T10:10:27.224586",
  "match_available" : "2025-07-14T10:07:06.620906"
}, {
  "competition_id" : 72,
  "season_id" : 30,
  "country_name" : "International",
  "competition_name" : "Women's World Cup",
  "competition_gender" : "female",
  "competition_youth" : false,
  "competition_international" : true,
  "season_name" : "2019",
  "match_updated" : "2024-08-08T15:57:56.748740",
  "match_updated_360" : "2021-06-13T16:17:31.694",
  "match_available_360" : null,
  "match_available" : "2024-08-08T15:57:56.748740"
} ]